id,year,"team_name","pit_name",age,wins,losses,win_loss_perc,earned_run_avg,games,games_started,games_finished,complete_game,shutouts,saves,innings_pitched,hits,runs,earned_runs,homeruns,walks,intentional_bb,strikeouts,hit_by_pitch,balks,wild_pitches,batters_faced,whip,hits_per_nine,homeruns_per_nine,walks_per_nine,strikeouts_per_nine,strikeouts_per_walks,"notes","created_at","updated_at","pitcher_id"
1,2016,"Fukuoka Softbank Hawks","Edison Barrios",27,0,2,0,7.82,11,0,1,0,0,0,12.2,20,11,11,1,5,2,16,0,1,1,60,1.974,14.2,0.7,3.6,11.4,3.2,"",NULL,NULL,"barrio001edi"
2,2016,"Fukuoka Softbank Hawks","Nao Higashihama",26,9,6,0.6,3,23,20,0,0,0,0,135,113,49,45,13,37,0,100,2,0,1,545,1.111,7.5,0.9,2.5,6.7,2.7,"",NULL,NULL,"higash001nao"
3,2016,"Fukuoka Softbank Hawks","Ryota Igarashi",37,0,1,0,3.62,33,0,13,0,0,0,27.1,23,11,11,3,14,1,27,4,0,2,123,1.354,7.6,1,4.6,8.9,1.93,"",NULL,NULL,"igaras001ryo"
4,2016,"Fukuoka Softbank Hawks","Yuya Iida",25,1,0,1,3.29,30,0,6,0,0,0,41,36,15,15,3,14,0,35,1,0,4,174,1.22,7.9,0.7,3.1,7.7,2.5,"",NULL,NULL,"iida--001yuy"
5,2016,"Fukuoka Softbank Hawks","Sho Iwasaki",26,4,2,0.667,1.95,35,7,5,1,1,1,87.2,77,22,19,6,17,0,61,0,0,3,347,1.072,7.9,0.6,1.7,6.3,3.59,"",NULL,NULL,"iwasak001sho"
6,2016,"Fukuoka Softbank Hawks","Ren Kajiya",24,0,0,0,4.5,2,0,2,0,0,0,2,3,1,1,0,1,0,1,0,0,0,9,2,13.5,0,4.5,4.5,1,"",NULL,NULL,"kajiya000ren"
7,2016,"Fukuoka Softbank Hawks","Shinya Kayama",26,0,0,0,8.59,5,0,2,0,0,0,7.1,9,7,7,4,4,0,8,1,0,1,36,1.773,11,4.9,4.9,9.8,2,"",NULL,NULL,"kayama000shi"
8,2016,"Fukuoka Softbank Hawks","Yuki Matsumoto",20,0,0,0,9,1,0,0,0,0,0,1,1,1,1,1,0,0,1,0,0,0,4,1,9,9,0,9,0,"",NULL,NULL,"matsum003yuk"
9,2016,"Fukuoka Softbank Hawks","Daisuke Matsuzaka",35,0,0,0,18,1,0,1,0,0,0,1,3,5,2,0,2,0,2,2,0,1,10,5,27,0,18,18,1,"",NULL,NULL,"matsuz001dai"
10,2016,"Fukuoka Softbank Hawks","Yuito Mori",24,4,3,0.571,2.98,56,0,20,0,0,1,60.1,68,20,20,6,15,1,51,2,0,0,261,1.376,10.1,0.9,2.2,7.6,3.4,"",NULL,NULL,"mori--000yui"
11,2016,"Fukuoka Softbank Hawks","Masahiko Morifuku",29,2,1,0.667,2,50,0,3,0,0,0,27,23,7,6,1,2,0,23,3,0,0,105,0.926,7.7,0.3,0.7,7.7,11.5,"",NULL,NULL,"morifu001mas"
12,2016,"Fukuoka Softbank Hawks","Kenichi Nakata",33,7,3,0.7,3.01,17,16,1,0,0,0,89.2,64,31,30,9,49,0,67,5,0,3,377,1.26,6.4,0.9,4.9,6.7,1.37,"",NULL,NULL,"nakata001ken"
13,2016,"Fukuoka Softbank Hawks","Ken Okamoto",23,0,0,0,2.57,13,0,9,0,0,0,14,10,4,4,0,8,0,10,0,0,0,60,1.286,6.4,0,5.1,6.4,1.25,"",NULL,NULL,"okamot002ken"
14,2016,"Fukuoka Softbank Hawks","Kenji Otonari",31,1,0,1,1.5,1,1,0,0,0,0,6,4,1,1,0,2,0,4,2,0,0,25,1,6,0,3,6,2,"",NULL,NULL,"ohtona001ken"
15,2016,"Fukuoka Softbank Hawks","Dennis Sarfate",35,0,7,0,1.88,64,0,54,0,0,43,62.1,40,15,13,4,11,1,73,0,0,1,237,0.818,5.8,0.6,1.6,10.5,6.64,"",NULL,NULL,"sarfat001den"
16,2016,"Fukuoka Softbank Hawks","Kodai Senga",23,12,3,0.8,2.61,25,25,0,3,0,0,169,125,52,49,16,53,0,181,6,1,7,681,1.053,6.7,0.9,2.8,9.6,3.42,"",NULL,NULL,"senga-000kod"
17,2016,"Fukuoka Softbank Hawks","Tadashi Settsu",34,2,2,0.5,5.59,7,7,0,0,0,0,37,42,24,23,3,13,0,21,3,0,1,164,1.486,10.2,0.7,3.2,5.1,1.62,"",NULL,NULL,"settu-001tad"
18,2016,"Fukuoka Softbank Hawks","Robert Suarez",25,2,6,0.25,3.19,58,0,15,0,0,1,53.2,49,21,19,5,18,3,64,1,0,2,223,1.248,8.2,0.8,3,10.7,3.56,"",NULL,NULL,"suarez002rob"
19,2016,"Fukuoka Softbank Hawks","Shota Takeda",23,14,8,0.636,2.95,27,27,0,1,1,0,183,163,71,60,12,70,0,144,5,1,7,769,1.273,8,0.6,3.4,7.1,2.06,"",NULL,NULL,"takeda000sho"
20,2016,"Fukuoka Softbank Hawks","Hayato Terahara",32,2,1,0.667,4.05,14,0,3,0,0,0,13.1,18,6,6,2,5,0,10,0,0,0,62,1.725,12.2,1.4,3.4,6.8,2,"",NULL,NULL,"teraha001hay"
21,2016,"Fukuoka Softbank Hawks","Rick van den Hurk",31,7,3,0.7,3.84,13,13,0,0,0,0,82,64,37,35,14,15,0,92,1,0,1,325,0.963,7,1.5,1.6,10.1,6.13,"",NULL,NULL,"vanden001hen"
22,2016,"Fukuoka Softbank Hawks","Tsuyoshi Wada",35,15,5,0.75,3.04,24,24,0,2,1,0,163,138,58,55,22,38,0,157,5,0,0,662,1.08,7.6,1.2,2.1,8.7,4.13,"",NULL,NULL,"wada--001tsu"
23,2016,"Fukuoka Softbank Hawks","Hiroki Yamada",27,1,1,0.5,5.93,4,3,1,0,0,0,13.2,17,9,9,1,8,0,9,1,0,1,63,1.829,11.2,0.7,5.3,5.9,1.13,"",NULL,NULL,"yamada002hir"
24,2016,"Fukuoka Softbank Hawks","Akihiro Yanase",32,0,0,0,4.5,2,0,0,0,0,0,2,4,1,1,0,0,0,1,0,0,0,10,2,18,0,0,4.5,0,"",NULL,NULL,"yanase001aki"
25,2016,"Chiba Lotte Marines","Kazunari Abe",27,0,0,0,4.67,13,0,7,0,0,0,17.1,22,10,9,2,11,0,6,0,0,0,85,1.904,11.4,1,5.7,3.1,0.55,"",NULL,NULL,"abe---000kaz"
26,2016,"Chiba Lotte Marines","Kuan-Yu Chen",25,1,1,0.5,4.01,7,4,0,0,0,0,24.2,25,14,11,3,10,0,23,0,0,2,104,1.419,9.1,1.1,3.6,8.4,2.3,"",NULL,NULL,"chen--000kua"
27,2016,"Chiba Lotte Marines","Takahiro Fujioka",26,1,1,0.5,2.55,32,0,2,0,0,0,42.1,35,18,12,6,17,0,32,1,0,1,179,1.228,7.4,1.3,3.6,6.8,1.88,"",NULL,NULL,"fujiok000tak"
28,2016,"Chiba Lotte Marines","Takuya Furuya",34,0,4,0,8.84,5,4,0,0,0,0,18.1,25,19,18,1,11,0,6,0,0,0,92,1.964,12.3,0.5,5.4,2.9,0.55,"",NULL,NULL,"furuya001tak"
29,2016,"Chiba Lotte Marines","Kota Futaki",20,7,9,0.438,5.34,22,21,1,1,0,0,116.1,143,74,69,12,34,1,81,2,0,5,518,1.521,11.1,0.9,2.6,6.3,2.38,"",NULL,NULL,"futaki000kot"
30,2016,"Chiba Lotte Marines","Ayumu Ishikawa",28,14,5,0.737,2.16,23,23,0,5,3,0,162.1,142,40,39,16,22,0,104,6,0,4,643,1.01,7.9,0.9,1.2,5.8,4.73,"",NULL,NULL,"ishika000ayu"
31,2016,"Chiba Lotte Marines","Takayuki Kanamori",30,0,0,0,36,1,0,0,0,0,0,1,5,4,4,0,1,0,1,0,0,0,9,6,45,0,9,9,1,"",NULL,NULL,"kanamo001tak"
32,2016,"Chiba Lotte Marines","Yuki Karakawa",26,6,6,0.5,2.84,15,15,0,1,1,0,88.2,84,30,28,2,37,1,64,3,3,1,373,1.365,8.5,0.2,3.8,6.5,1.73,"",NULL,NULL,"karaka001yuk"
33,2016,"Chiba Lotte Marines","Ryoji Katsuki",32,0,0,0,8.44,11,0,7,0,0,0,10.2,16,11,10,2,4,0,4,0,0,0,51,1.875,13.5,1.7,3.4,3.4,1,"",NULL,NULL,"katsuk002ryo"
34,2016,"Chiba Lotte Marines","Yuta Kimura",31,0,1,0,4.22,6,0,1,0,0,0,10.2,17,5,5,2,3,1,8,0,0,1,50,1.875,14.3,1.7,2.5,6.8,2.67,"",NULL,NULL,"kimura000yut"
35,2016,"Chiba Lotte Marines","Shota Kurosawa",27,0,0,0,4.5,4,0,2,0,0,0,6,9,3,3,1,1,0,3,0,0,1,28,1.667,13.5,1.5,1.5,4.5,3,"",NULL,NULL,"kurosa000sho"
36,2016,"Chiba Lotte Marines","Naoya Masuda",26,3,2,0.6,1.83,61,0,22,0,0,14,59,53,13,12,2,16,2,36,0,0,1,238,1.169,8.1,0.3,2.4,5.5,2.25,"",NULL,NULL,"masuda000nao"
37,2016,"Chiba Lotte Marines","Takahiro Matsunaga",28,3,0,1,3.46,53,0,15,0,0,0,39,35,18,15,0,18,1,27,4,0,2,173,1.359,8.1,0,4.2,6.2,1.5,"",NULL,NULL,"matsun000tak"
38,2016,"Chiba Lotte Marines","Masaki Minami",27,5,4,0.556,2.74,57,0,15,0,0,0,62.1,48,20,19,4,19,1,58,1,1,2,253,1.075,6.9,0.6,2.7,8.4,3.05,"",NULL,NULL,"minami000mas"
39,2016,"Chiba Lotte Marines","Atsushi Miyazaki",23,0,0,0,0,2,0,1,0,0,0,2,0,0,0,0,0,0,2,0,0,0,6,0,0,0,0,9,0,"",NULL,NULL,"miyaza000ats"
40,2016,"Chiba Lotte Marines","Yuji Nishino",25,3,6,0.333,3.35,42,0,30,0,0,21,43,39,17,16,4,11,2,36,1,0,2,180,1.163,8.2,0.8,2.3,7.5,3.27,"",NULL,NULL,"nishin000yuj"
41,2016,"Chiba Lotte Marines","Yuta Omine",28,1,3,0.25,6.49,14,6,1,0,0,0,34.2,47,31,25,1,26,1,14,2,0,1,175,2.106,12.2,0.3,6.8,3.6,0.54,"",NULL,NULL,"ohmine001yut"
42,2016,"Chiba Lotte Marines","Tomohisa Otani",31,1,3,0.25,3.45,32,0,6,0,0,0,31.1,32,14,12,2,10,0,15,1,0,0,135,1.34,9.2,0.6,2.9,4.3,1.5,"",NULL,NULL,"otani-001tom"
43,2016,"Chiba Lotte Marines","Dae-Eun Rhee",27,0,0,0,7.2,3,1,1,0,0,0,5,6,5,4,1,4,0,2,1,0,0,25,2,10.8,1.8,7.2,3.6,0.5,"",NULL,NULL,"rhee--001dae"
44,2016,"Chiba Lotte Marines","Ryota Sekiya",25,5,6,0.455,5.52,16,16,0,0,0,0,88,100,58,54,8,34,0,58,5,0,2,391,1.523,10.2,0.8,3.5,5.9,1.71,"",NULL,NULL,"sekiya000ryo"
45,2016,"Chiba Lotte Marines","Jason Standridge",37,8,8,0.5,3.56,27,27,0,0,0,0,162,168,72,64,13,45,5,99,8,1,6,686,1.315,9.3,0.7,2.5,5.5,2.2,"",NULL,NULL,"standr001jas"
46,2016,"Chiba Lotte Marines","Keisuke Takano",24,1,0,1,5.87,14,0,7,0,0,0,15.1,15,10,10,1,15,0,7,0,0,1,75,1.957,8.8,0.6,8.8,4.1,0.47,"",NULL,NULL,"takano000kei"
47,2016,"Chiba Lotte Marines","Yasuhiro Tanaka",29,0,1,0,2.76,17,0,3,0,0,0,16.1,16,5,5,2,5,0,11,2,0,1,68,1.286,8.8,1.1,2.8,6.1,2.2,"",NULL,NULL,"tanaka001yas"
48,2016,"Chiba Lotte Marines","Taiki Tojo",24,0,0,0,10.03,11,0,5,0,0,0,11.2,14,13,13,1,14,0,6,2,0,0,62,2.4,10.8,0.8,10.8,4.6,0.43,"",NULL,NULL,"tojo--000tai"
49,2016,"Chiba Lotte Marines","Tatsuya Uchi",30,3,1,0.75,1.39,34,0,5,0,0,1,32.1,17,5,5,3,12,1,34,0,0,1,125,0.897,4.7,0.8,3.3,9.5,2.83,"",NULL,NULL,"uchi--001tat"
50,2016,"Chiba Lotte Marines","Hideaki Wakui",30,10,7,0.588,3.01,26,26,0,5,0,0,188.2,195,73,63,15,48,0,118,4,0,1,793,1.288,9.3,0.7,2.3,5.6,2.46,"",NULL,NULL,"wakui-001hid"
51,2016,"Saitama Seibu Lions","Makoto Aiuchi",21,0,2,0,11.74,2,2,0,0,0,0,7.2,11,10,10,0,7,0,4,0,2,1,37,2.348,12.9,0,8.2,4.7,0.57,"",NULL,NULL,"aiuchi000mak"
52,2016,"Saitama Seibu Lions","Ryohei Fujiwara",30,2,0,1,2.08,10,0,1,0,0,0,13,11,3,3,0,3,0,9,1,0,0,52,1.077,7.6,0,2.1,6.2,3,"",NULL,NULL,"fujiwa000ryo"
53,2016,"Saitama Seibu Lions","Keisuke Honda",23,0,1,0,7.71,2,1,1,0,0,0,4.2,8,4,4,0,1,0,3,1,0,0,23,1.929,15.4,0,1.9,5.8,3,"",NULL,NULL,"honda-000kei"
54,2016,"Saitama Seibu Lions","Toshihiro Iwao",28,0,0,0,9,2,0,1,0,0,0,3,5,3,3,0,2,0,1,0,0,0,13,2.333,15,0,6,3,0.5,"",NULL,NULL,"iwao--001tos"
55,2016,"Saitama Seibu Lions","Yusei Kikuchi",25,12,7,0.632,2.58,22,22,0,2,0,0,143,117,51,41,7,67,0,127,2,0,3,595,1.287,7.4,0.4,4.2,8,1.9,"",NULL,NULL,"kikuch000yus"
56,2016,"Saitama Seibu Lions","Takayuki Kishi",31,9,7,0.563,2.49,19,19,0,2,1,0,130.1,123,42,36,8,36,0,104,1,0,0,541,1.22,8.5,0.6,2.5,7.2,2.89,"",NULL,NULL,"kishi-001tak"
57,2016,"Saitama Seibu Lions","Hirotaka Koishi",29,0,2,0,3.74,50,0,11,0,0,1,74.2,62,33,31,2,39,2,55,13,0,3,324,1.353,7.5,0.2,4.7,6.6,1.41,"",NULL,NULL,"koishi000hir"
58,2016,"Saitama Seibu Lions","Tsubasa Kokuba",22,0,0,0,0,2,0,1,0,0,0,3,2,0,0,0,3,0,4,0,0,1,12,1.667,6,0,9,12,1.33,"",NULL,NULL,"kokuba000tsu"
59,2016,"Saitama Seibu Lions","Chun-Lin Kuo",24,0,3,0,8.46,12,3,1,0,0,0,22.1,28,23,21,2,10,0,20,4,0,2,107,1.701,11.3,0.8,4,8.1,2,"",NULL,NULL,"kuo---000chu"
60,2016,"Saitama Seibu Lions","C.C. Lee",29,0,0,0,6.48,18,0,9,0,0,0,16.2,25,14,12,1,5,0,13,0,1,3,80,1.8,13.5,0.5,2.7,7,2.6,"",NULL,NULL,"lee---001che"
61,2016,"Saitama Seibu Lions","Kazuhisa Makita",31,7,1,0.875,1.6,50,0,7,0,0,0,78.2,54,15,14,3,16,2,43,10,0,0,312,0.89,6.2,0.3,1.8,4.9,2.69,"",NULL,NULL,"makita000kaz"
62,2016,"Saitama Seibu Lions","Tatsushi Masuda",28,3,5,0.375,1.66,53,0,47,0,0,28,54.1,51,13,10,1,15,5,53,2,0,0,232,1.215,8.4,0.2,2.5,8.8,3.53,"",NULL,NULL,"masuda000tat"
63,2016,"Saitama Seibu Lions","Naoaki Matsumoto",25,0,0,0,0,2,0,0,0,0,0,2.2,3,0,0,0,2,0,1,0,0,1,12,1.875,10.1,0,6.8,3.4,0.5,"",NULL,NULL,"matsum002nao"
64,2016,"Saitama Seibu Lions","Tadasuke Minamikawa",24,0,0,0,2.25,4,0,1,0,0,0,4,3,1,1,0,4,0,1,0,1,0,19,1.75,6.8,0,9,2.3,0.25,"",NULL,NULL,"minami000tad"
65,2016,"Saitama Seibu Lions","Yuta Nakazaki",25,0,0,0,6,8,0,5,0,0,0,6,4,4,4,1,2,0,3,1,0,0,23,1,6,1.5,3,4.5,1.5,"",NULL,NULL,"nakaza000yut"
66,2016,"Saitama Seibu Lions","Shogo Noda",23,0,0,0,3.93,22,0,7,0,0,0,18.1,21,8,8,1,5,0,15,1,0,0,80,1.418,10.3,0.5,2.5,7.4,3,"",NULL,NULL,"noda--000sho"
67,2016,"Saitama Seibu Lions","Ryoma Nogami",29,3,9,0.25,3.87,22,18,2,0,0,1,107,112,56,46,10,43,0,62,5,0,3,474,1.449,9.4,0.8,3.6,5.2,1.44,"",NULL,NULL,"nogami001ryo"
68,2016,"Saitama Seibu Lions","Tatsuya Oishi",27,1,0,1,1.71,36,0,9,0,0,0,31.2,18,6,6,2,16,0,36,0,0,4,126,1.074,5.1,0.6,4.5,10.2,2.25,"",NULL,NULL,"oishi-000tat"
69,2016,"Saitama Seibu Lions","Atsushi Okamoto",35,0,0,0,6.75,4,0,0,0,0,0,2.2,4,2,2,0,2,0,2,0,0,0,13,2.25,13.5,0,6.8,6.8,1,"",NULL,NULL,"okamot001ats"
70,2016,"Saitama Seibu Lions","Yosuke Okamoto",30,0,0,0,19.29,4,0,1,0,0,0,4.2,10,10,10,0,4,0,1,0,0,1,27,3,19.3,0,7.7,1.9,0.25,"",NULL,NULL,"okamot001yos"
71,2016,"Saitama Seibu Lions","Felipe Paulino",32,0,6,0,4.7,9,8,0,0,0,0,44,44,31,23,3,25,0,32,2,0,4,203,1.568,9,0.6,5.1,6.5,1.28,"",NULL,NULL,"paulin001fel"
72,2016,"Saitama Seibu Lions","Yasuo Sano",23,1,1,0.5,3.29,15,0,0,0,0,0,27.1,22,14,10,2,15,0,11,1,0,1,116,1.354,7.2,0.7,4.9,3.6,0.73,"",NULL,NULL,"sano--000yas"
73,2016,"Saitama Seibu Lions","Isamu Sato",21,1,3,0.25,5.76,7,4,1,0,0,0,25,24,16,16,3,13,0,17,5,0,3,111,1.48,8.6,1.1,4.7,6.1,1.31,"",NULL,NULL,"sato--000isa"
74,2016,"Saitama Seibu Lions","Kona Takahashi",19,4,11,0.267,4.42,22,19,1,2,1,0,118,134,73,58,10,51,0,89,5,0,12,529,1.568,10.2,0.8,3.9,6.8,1.75,"",NULL,NULL,"takaha000kon"
75,2016,"Saitama Seibu Lions","Tomomi Takahashi",27,1,0,1,1.69,7,0,1,0,0,1,5.1,5,1,1,0,3,0,2,0,0,0,23,1.5,8.4,0,5.1,3.4,0.67,"",NULL,NULL,"takaha000tom"
76,2016,"Saitama Seibu Lions","Shota Takekuma",26,5,3,0.625,3.54,64,0,14,0,0,0,61,58,24,24,5,20,0,53,1,0,3,261,1.279,8.6,0.7,3,7.8,2.65,"",NULL,NULL,"takeku001sho"
77,2016,"Saitama Seibu Lions","Shinsaburo Tawata",23,7,5,0.583,4.38,18,18,0,2,1,0,98.2,101,51,48,6,40,0,91,8,0,10,433,1.429,9.2,0.5,3.6,8.3,2.28,"",NULL,NULL,"tawata000shi"
78,2016,"Saitama Seibu Lions","Ken Togame",28,4,6,0.4,6.31,21,13,1,0,0,0,71.1,85,55,50,3,31,0,41,9,0,2,335,1.626,10.7,0.4,3.9,5.2,1.32,"",NULL,NULL,"togame000ken"
79,2016,"Saitama Seibu Lions","Takuya Toyoda",29,0,0,0,1.5,6,0,1,0,0,0,6,7,1,1,0,3,0,7,0,0,1,29,1.667,10.5,0,4.5,10.5,2.33,"",NULL,NULL,"toyoda000tak"
80,2016,"Saitama Seibu Lions","Andy Van Hekken",36,0,4,0,6.31,10,10,0,0,0,0,45.2,59,34,32,3,26,0,35,2,0,1,218,1.861,11.6,0.6,5.1,6.9,1.35,"",NULL,NULL,"vanhek001and"
81,2016,"Saitama Seibu Lions","Esmerling Vasquez",32,0,0,0,5.51,19,0,4,0,0,0,16.1,12,11,10,2,11,0,13,1,0,2,75,1.408,6.6,1.1,6.1,7.2,1.18,"",NULL,NULL,"vasque001esm"
82,2016,"Saitama Seibu Lions","Brian Wolfe",35,4,0,1,3.04,4,4,0,0,0,0,23.2,26,9,8,3,4,0,8,1,0,0,96,1.268,9.9,1.1,1.5,3,2,"",NULL,NULL,"wolfe-001bri"
83,2016,"Tohoku Rakuten Golden Eagles","Kazutomo Aihara",26,0,0,0,45,2,0,0,0,0,0,1,5,5,5,0,4,0,1,0,0,2,12,9,45,0,36,9,0.25,"",NULL,NULL,"aihara000kaz"
84,2016,"Tohoku Rakuten Golden Eagles","Tomohiro Anraku",19,3,5,0.375,3.42,15,12,3,0,0,0,84.1,79,33,32,9,22,0,64,4,1,2,349,1.198,8.4,1,2.3,6.8,2.91,"",NULL,NULL,"anraku000tom"
85,2016,"Tohoku Rakuten Golden Eagles","Koji Aoyama",32,1,5,0.167,4.83,50,0,14,0,0,0,50.1,53,29,27,5,24,0,46,0,0,3,227,1.53,9.5,0.9,4.3,8.2,1.92,"",NULL,NULL,"aoyama001koj"
86,2016,"Tohoku Rakuten Golden Eagles","Jake Brigham",28,0,3,0,5.24,11,4,0,0,0,0,34.1,39,24,20,3,16,0,27,5,1,1,155,1.602,10.2,0.8,4.2,7.1,1.69,"",NULL,NULL,"brigha001jac"
87,2016,"Tohoku Rakuten Golden Eagles","Hiroyuki Fukuyama",27,4,5,0.444,2.71,69,0,14,0,0,0,69.2,65,24,21,2,19,0,30,5,1,1,294,1.206,8.4,0.3,2.5,3.9,1.58,"",NULL,NULL,"fukuya000hir"
88,2016,"Tohoku Rakuten Golden Eagles","Yuri Furukawa",20,0,0,0,7.71,6,0,1,0,0,0,7,5,6,6,1,5,0,4,1,0,0,30,1.429,6.4,1.3,6.4,5.1,0.8,"",NULL,NULL,"furuka000yur"
89,2016,"Tohoku Rakuten Golden Eagles","Kodai Hamaya",23,2,0,1,10.24,13,0,2,0,0,0,9.2,12,13,11,1,10,1,15,0,0,0,52,2.276,11.2,0.9,9.3,14,1.5,"",NULL,NULL,"hamaya000kod"
90,2016,"Tohoku Rakuten Golden Eagles","Kohei Hasebe",31,0,0,0,11.57,2,0,0,0,0,0,2.1,1,3,3,0,3,0,2,1,0,0,12,1.714,3.9,0,11.6,7.7,0.67,"",NULL,NULL,"hasebe001koh"
91,2016,"Tohoku Rakuten Golden Eagles","Takahiro Irino",27,0,0,0,12.27,4,0,2,0,0,0,3.2,6,5,5,2,2,0,4,0,0,1,19,2.182,14.7,4.9,4.9,9.8,2,"",NULL,NULL,"irino-000tak"
92,2016,"Tohoku Rakuten Golden Eagles","Ryota Ishibashi",25,0,0,0,13.5,6,0,4,0,0,0,5.1,10,8,8,2,4,0,4,0,0,1,30,2.625,16.9,3.4,6.8,6.8,1,"",NULL,NULL,"ishiba000ryo"
93,2016,"Tohoku Rakuten Golden Eagles","Yoshinao Kamata",22,7,5,0.583,4.14,20,20,0,0,0,0,113,124,56,52,12,50,0,77,8,0,2,510,1.54,9.9,1,4,6.1,1.54,"",NULL,NULL,"kamata000yos"
94,2016,"Tohoku Rakuten Golden Eagles","Norihito Kaneto",32,3,1,0.75,2.38,54,0,10,0,0,0,41.2,31,13,11,1,14,1,25,2,0,2,170,1.08,6.7,0.2,3,5.4,1.79,"",NULL,NULL,"kaneto001nor"
95,2016,"Tohoku Rakuten Golden Eagles","Wataru Karashima",25,3,7,0.3,3.88,13,13,0,0,0,0,72,72,33,31,2,22,0,48,3,0,0,306,1.306,9,0.3,2.8,6,2.18,"",NULL,NULL,"karash001wat"
96,2016,"Tohoku Rakuten Golden Eagles","Masashi Kato",26,0,0,0,18,1,0,1,0,0,0,1,2,2,2,1,0,0,0,0,0,0,5,2,18,9,0,0,0,"",NULL,NULL,"kato--006mas"
97,2016,"Tohoku Rakuten Golden Eagles","Takashi Kawai",39,0,1,0,8.22,5,2,2,0,0,0,15.1,23,17,14,2,6,0,7,0,0,0,75,1.891,13.5,1.2,3.5,4.1,1.17,"",NULL,NULL,"kawai-001tak"
98,2016,"Tohoku Rakuten Golden Eagles","Yasunori Kikuchi",26,1,1,0.5,5.16,7,4,1,0,0,0,22.2,33,16,13,4,13,0,14,1,0,2,111,2.029,13.1,1.6,5.2,5.6,1.08,"",NULL,NULL,"kikuch001yas"
99,2016,"Tohoku Rakuten Golden Eagles","Mu-Young Kim",30,0,0,0,4.5,2,0,1,0,0,0,2,1,1,1,1,1,0,1,0,0,0,8,1,4.5,4.5,4.5,4.5,1,"",NULL,NULL,"kim---001mu-"
100,2016,"Tohoku Rakuten Golden Eagles","Radhames Liz",32,0,3,0,6.94,5,2,1,0,0,0,11.2,17,9,9,1,9,1,13,0,0,1,59,2.229,13.1,0.8,6.9,10,1.44,"",NULL,NULL,"liz---001rad"
101,2016,"Tohoku Rakuten Golden Eagles","Yuki Matsui",20,1,4,0.2,3.32,58,0,46,0,0,30,62.1,47,23,23,4,40,0,75,1,1,1,272,1.396,6.8,0.6,5.8,10.8,1.88,"",NULL,NULL,"matsui000yuk"
102,2016,"Tohoku Rakuten Golden Eagles","Kam Mickolio",32,5,1,0.833,2.38,45,0,6,0,0,0,45.1,37,13,12,3,6,0,29,4,0,1,181,0.949,7.3,0.6,1.2,5.8,4.83,"",NULL,NULL,"mickol001kam"
103,2016,"Tohoku Rakuten Golden Eagles","Manabu Mima",29,9,9,0.5,4.3,26,25,0,1,1,0,155,181,80,74,14,32,0,116,8,1,5,678,1.374,10.5,0.8,1.9,6.7,3.63,"",NULL,NULL,"mima--000man"
104,2016,"Tohoku Rakuten Golden Eagles","Sho Miyagawa",25,0,0,0,0.93,9,0,3,0,0,0,9.2,5,1,1,0,3,0,9,1,0,0,35,0.828,4.7,0,2.8,8.4,3,"",NULL,NULL,"miyaga000sho"
105,2016,"Tohoku Rakuten Golden Eagles","Yoshitaka Muto",28,0,0,0,6,2,0,1,0,0,0,3,5,2,2,1,1,0,2,0,0,1,16,2,15,3,3,6,2,"",NULL,NULL,"muto--000yos"
106,2016,"Tohoku Rakuten Golden Eagles","Yusuke Nishimiya",25,3,0,1,4.44,29,0,10,0,0,0,26.1,18,14,13,0,20,0,32,1,0,0,115,1.443,6.2,0,6.8,10.9,1.6,"",NULL,NULL,"nishim000yus"
107,2016,"Tohoku Rakuten Golden Eagles","Takahiro Norimoto",25,11,11,0.5,2.91,28,28,0,2,0,0,195,192,87,63,12,50,0,216,6,0,5,820,1.241,8.9,0.6,2.3,10,4.32,"",NULL,NULL,"norimo000tak"
108,2016,"Tohoku Rakuten Golden Eagles","Fumiya Ono",19,0,0,0,8.78,11,0,6,0,0,0,13.1,20,14,13,1,9,0,7,0,0,3,69,2.175,13.5,0.7,6.1,4.7,0.78,"",NULL,NULL,"ono---001fum"
109,2016,"Tohoku Rakuten Golden Eagles","Takahito Otsuka",21,0,0,0,10.8,4,0,2,0,0,0,3.1,4,4,4,1,2,0,3,0,0,0,16,1.8,10.8,2.7,5.4,8.1,1.5,"",NULL,NULL,"otuka-000tak"
110,2016,"Tohoku Rakuten Golden Eagles","Ken Ray",41,0,2,0,7.27,4,4,0,0,0,0,17.1,25,15,14,2,7,0,12,1,0,0,82,1.846,13,1,3.6,6.2,1.71,"",NULL,NULL,"ray---001ken"
111,2016,"Tohoku Rakuten Golden Eagles","Takahiro Shiomi",27,8,10,0.444,3.89,24,24,0,0,0,0,148,145,67,64,14,37,1,111,3,0,0,610,1.23,8.8,0.9,2.3,6.8,3,"",NULL,NULL,"shiomi000tak"
112,2016,"Tohoku Rakuten Golden Eagles","Kenji Tomura",28,1,5,0.167,4.41,11,5,4,0,0,0,34.2,37,20,17,4,11,1,23,4,0,0,151,1.385,9.6,1,2.9,6,2.09,"",NULL,NULL,"tomura001ken"
113,2016,"Tohoku Rakuten Golden Eagles","Soma Yamauchi",30,0,0,0,0,1,0,1,0,0,0,0.1,0,0,0,0,0,0,0,0,0,0,1,0,0,0,0,0,0,"",NULL,NULL,"yamauc001som"
114,2016,"Tohoku Rakuten Golden Eagles","Takaaki Yokoyama",25,0,0,0,6.38,19,0,5,0,0,0,18.1,30,17,13,1,10,0,9,0,0,0,94,2.182,14.7,0.5,4.9,4.4,0.9,"",NULL,NULL,"yokoya000tak"
115,2016,"Orix Buffaloes","Ken Akama",25,0,1,0,3.09,24,1,9,0,0,0,35,26,17,12,2,24,1,19,1,0,1,155,1.429,6.7,0.5,6.2,4.9,0.79,"",NULL,NULL,"akama-000ken"
116,2016,"Orix Buffaloes","Daiki Aoyama",21,0,1,0,6.75,1,1,0,0,0,0,4,4,4,3,1,2,0,5,0,0,1,18,1.5,9,2.3,4.5,11.3,2.5,"",NULL,NULL,"aoyama000dai"
117,2016,"Orix Buffaloes","Erik Cordier",30,0,2,0,7.3,13,0,7,0,0,2,12.1,11,10,10,2,15,0,14,0,0,0,63,2.108,8,1.5,10.9,10.2,0.93,"",NULL,NULL,"cordie001eri"
118,2016,"Orix Buffaloes","Brandon Dickson",31,9,11,0.45,4.36,27,27,0,2,0,0,171.1,183,86,83,17,71,0,139,5,0,7,746,1.482,9.6,0.9,3.7,7.3,1.96,"",NULL,NULL,"dickso001bra"
119,2016,"Orix Buffaloes","Motoki Higa",33,1,1,0.5,4.82,16,0,2,0,0,0,9.1,13,5,5,3,3,2,10,0,0,0,43,1.714,12.5,2.9,2.9,9.6,3.33,"",NULL,NULL,"higa--001mot"
120,2016,"Orix Buffaloes","Yoshihisa Hirano",32,4,4,0.5,1.92,58,0,47,0,0,31,61,44,13,13,2,16,0,57,1,0,4,237,0.984,6.5,0.3,2.4,8.4,3.56,"",NULL,NULL,"hirano001yos"
121,2016,"Orix Buffaloes","Ryuta Kadoya",25,0,0,0,11.57,2,0,0,0,0,0,2.1,5,3,3,1,4,0,1,0,0,0,16,3.857,19.3,3.9,15.4,3.9,0.25,"",NULL,NULL,"kadoya000ryu"
122,2016,"Orix Buffaloes","Tomoyuki Kaida",28,1,3,0.25,2.78,50,0,14,0,0,0,45.1,40,14,14,1,12,2,31,0,0,0,185,1.147,7.9,0.2,2.4,6.2,2.58,"",NULL,NULL,"kaida-000tom"
123,2016,"Orix Buffaloes","Chihiro Kaneko",32,7,9,0.438,3.83,24,23,0,2,1,0,162,143,71,69,13,59,0,125,2,0,7,676,1.247,7.9,0.7,3.3,6.9,2.12,"",NULL,NULL,"kaneko001chi"
124,2016,"Orix Buffaloes","Mamoru Kishida",35,0,0,0,7.9,16,0,1,0,0,0,13.2,20,13,12,4,6,0,11,0,0,1,66,1.902,13.2,2.6,4,7.2,1.83,"",NULL,NULL,"kishid001mam"
125,2016,"Orix Buffaloes","Satoshi Komatsu",34,0,1,0,10.8,4,1,1,0,0,0,3.1,6,4,4,1,3,0,1,0,0,1,20,2.7,16.2,2.7,8.1,2.7,0.33,"",NULL,NULL,"komats001sat"
126,2016,"Orix Buffaloes","Kazuki Kondo",32,2,2,0.5,8.24,5,5,0,0,0,0,19.2,30,19,18,3,6,0,16,0,0,1,94,1.831,13.7,1.4,2.7,7.3,2.67,"",NULL,NULL,"kondoh001kaz"
127,2016,"Orix Buffaloes","Taisuke Kondo",25,0,0,0,0,1,1,0,0,0,0,3,4,1,0,0,1,0,2,0,0,0,16,1.667,12,0,3,6,2,"",NULL,NULL,"kondo-000tai"
128,2016,"Orix Buffaloes","Takahiro Matsuba",25,7,9,0.438,3.26,28,19,3,1,0,0,132.2,128,52,48,10,41,0,82,3,0,5,563,1.274,8.7,0.7,2.8,5.6,2,"",NULL,NULL,"matsub000tak"
129,2016,"Orix Buffaloes","Pat Misch",34,0,1,0,8.44,3,1,1,0,0,0,5.1,9,5,5,1,5,0,2,1,1,0,30,2.625,15.2,1.7,8.4,3.4,0.4,"",NULL,NULL,"misch-001pat"
130,2016,"Orix Buffaloes","Yuki Nishi",25,10,12,0.455,4.14,26,26,0,2,1,0,165.1,171,80,76,4,48,1,108,8,0,2,712,1.325,9.3,0.2,2.6,5.9,2.25,"",NULL,NULL,"nishi-001yuk"
131,2016,"Orix Buffaloes","Atori Ota",26,0,0,0,9,1,0,1,0,0,0,3,5,3,3,2,1,0,2,0,0,0,15,2,15,6,3,6,2,"",NULL,NULL,"ota---001ato"
132,2016,"Orix Buffaloes","Satoshi Oyama",27,0,0,0,2.08,3,0,2,0,0,0,4.1,6,8,1,0,5,0,2,2,0,0,27,2.538,12.5,0,10.4,4.2,0.4,"",NULL,NULL,"oyama-000sat"
133,2016,"Orix Buffaloes","Koki Saito",19,0,0,0,9,1,0,0,0,0,0,4,6,4,4,2,2,0,2,0,1,0,20,2,13.5,4.5,4.5,4.5,1,"",NULL,NULL,"saito-000kok"
134,2016,"Orix Buffaloes","Shunichi Sato",25,0,0,0,13.5,5,0,4,0,0,0,7.1,18,13,11,1,6,0,6,1,0,0,46,3.273,22.1,1.2,7.4,7.4,1,"",NULL,NULL,"sato--000shu"
135,2016,"Orix Buffaloes","Tatsuya Sato",29,1,4,0.2,5.01,43,0,7,0,0,0,41.1,31,24,23,6,36,0,53,0,0,4,188,1.621,6.8,1.3,7.8,11.5,1.47,"",NULL,NULL,"sato--000tat"
136,2016,"Orix Buffaloes","Hirokazu Shiranita",30,0,0,0,10.5,7,0,1,0,0,0,6,9,8,7,1,6,0,2,0,0,1,34,2.5,13.5,1.5,9,3,0.33,"",NULL,NULL,"shiran000hir"
137,2016,"Orix Buffaloes","Yu Suzuki",19,0,0,0,33.75,1,0,0,0,0,0,1.1,5,5,5,0,3,0,3,0,0,0,12,6,33.8,0,20.3,20.3,1,"",NULL,NULL,"suzuki000yu-"
138,2016,"Orix Buffaloes","Ban Takagi",26,0,0,0,6,4,0,3,0,0,0,6,5,4,4,2,2,0,5,0,1,0,25,1.167,7.5,3,3,7.5,2.5,"",NULL,NULL,"takagi000ban"
139,2016,"Orix Buffaloes","Daiki Tomei",27,1,10,0.091,4.94,24,19,0,0,0,0,122,157,70,67,13,54,2,100,3,0,5,567,1.73,11.6,1,4,7.4,1.85,"",NULL,NULL,"tomei-000dai"
140,2016,"Orix Buffaloes","Shohei Tsukahara",23,4,1,0.8,2.67,54,0,15,0,0,0,54,44,18,16,5,31,0,40,2,0,3,240,1.389,7.3,0.8,5.2,6.7,1.29,"",NULL,NULL,"tsukah000sho"
141,2016,"Orix Buffaloes","Ryosuke Yagi",25,0,0,0,4.5,1,0,1,0,0,0,4,7,2,2,1,1,0,2,0,0,0,18,2,15.8,2.3,2.3,4.5,2,"",NULL,NULL,"yagi--000ryo"
142,2016,"Orix Buffaloes","Nobuyoshi Yamada",24,2,7,0.222,4.94,12,12,0,0,0,0,58.1,63,35,32,7,19,0,43,0,0,0,245,1.406,9.7,1.1,2.9,6.6,2.26,"",NULL,NULL,"yamada001nob"
143,2016,"Orix Buffaloes","Sachiya Yamasaki",23,3,2,0.6,3.67,17,0,0,0,0,0,61.1,55,27,25,4,23,0,37,3,0,2,260,1.272,8.1,0.6,3.4,5.4,1.61,"",NULL,NULL,"yamasa000sac"
144,2016,"Orix Buffaloes","Kazumasa Yoshida",26,5,2,0.714,2.66,54,0,13,0,0,1,50.2,37,17,15,4,16,0,36,3,0,3,204,1.046,6.6,0.7,2.8,6.4,2.25,"",NULL,NULL,"yoshid001kaz"
145,2016,"Hiroshima Carp","Steve Delabar",32,0,0,0,0,2,0,1,0,0,0,2,0,0,0,0,0,0,4,0,0,0,6,0,0,0,0,18,0,"",NULL,NULL,"delaba001ste"
146,2016,"Hiroshima Carp","Hirotaka Egusa",35,0,0,0,6,8,0,6,0,0,0,9,8,6,6,1,4,0,5,1,0,0,38,1.333,8,1,4,5,1.25,"",NULL,NULL,"egusa-001hir"
147,2016,"Hiroshima Carp","Yuya Fukui",28,5,4,0.556,4.34,13,13,0,0,0,0,76.2,84,38,37,9,30,0,63,4,0,0,345,1.487,9.9,1.1,3.5,7.4,2.1,"",NULL,NULL,"fukui-000yuy"
148,2016,"Hiroshima Carp","Bradin Hagens",27,7,5,0.583,2.92,50,6,7,0,0,0,83.1,71,32,27,4,33,0,33,3,0,4,342,1.248,7.7,0.4,3.6,3.6,1,"",NULL,NULL,"hagens001bra"
149,2016,"Hiroshima Carp","Yuichi Hisamoto",37,0,0,0,45,1,0,0,0,0,0,1,4,5,5,1,2,0,2,0,0,0,9,6,36,9,18,18,1,"",NULL,NULL,"hisamo001yui"
150,2016,"Hiroshima Carp","Atsuya Horie",19,0,1,0,11.37,3,1,1,0,0,0,6.1,6,8,8,2,4,0,6,1,0,0,28,1.579,8.5,2.8,5.7,8.5,1.5,"",NULL,NULL,"horie-000ats"
151,2016,"Hiroshima Carp","Ryuji Ichioka",25,1,1,0.5,1.82,27,0,6,0,0,0,24.2,16,5,5,0,10,0,21,0,0,0,96,1.054,5.8,0,3.6,7.7,2.1,"",NULL,NULL,"ichiok000ryu"
152,2016,"Hiroshima Carp","Tetsuya Iida",25,0,0,0,0,2,0,1,0,0,0,3.1,4,0,0,0,0,0,4,0,0,0,14,1.2,10.8,0,0,10.8,0,"",NULL,NULL,"iida--002tet"
153,2016,"Hiroshima Carp","Takeru Imamura",25,3,4,0.429,2.44,67,0,21,0,0,2,73.2,60,20,20,3,22,0,87,0,0,4,299,1.113,7.3,0.4,2.7,10.6,3.95,"",NULL,NULL,"imamur001tak"
154,2016,"Hiroshima Carp","Jay Jackson",28,5,4,0.556,1.71,67,0,5,0,0,0,68.1,46,15,13,4,23,0,89,0,0,1,271,1.01,6.1,0.5,3,11.7,3.87,"",NULL,NULL,"jackso001jay"
155,2016,"Hiroshima Carp","Kris Johnson",31,15,7,0.682,2.15,26,26,0,3,2,0,180.1,154,50,43,11,49,2,141,3,0,3,736,1.126,7.7,0.5,2.4,7,2.88,"",NULL,NULL,"johnso001kri"
156,2016,"Hiroshima Carp","Aren Kuri",24,2,2,0.5,4.5,27,10,7,0,0,0,80,79,47,40,9,37,0,52,1,0,0,351,1.45,8.9,1,4.2,5.9,1.41,"",NULL,NULL,"kuri--000are"
157,2016,"Hiroshima Carp","Hiroki Kuroda",41,10,8,0.556,3.09,24,24,0,1,1,0,151.2,152,54,52,14,30,3,98,3,0,3,623,1.2,9,0.8,1.8,5.8,3.27,"",NULL,NULL,"kuroda001hir"
158,2016,"Hiroshima Carp","Katsuhiro Nagakawa",35,2,0,1,6.3,11,0,4,0,0,0,10,14,7,7,1,2,0,8,1,0,0,46,1.6,12.6,0.9,1.8,7.2,4,"",NULL,NULL,"nagaka001kat"
159,2016,"Hiroshima Carp","Kyohei Nakamura",27,1,1,0.5,5.4,8,8,0,0,0,0,35,41,21,21,3,18,0,17,0,0,0,156,1.686,10.5,0.8,4.6,4.4,0.94,"",NULL,NULL,"nakamu000kyo"
160,2016,"Hiroshima Carp","Oscar Nakaoshi",25,2,0,1,6.35,23,0,5,0,0,0,22.2,32,17,16,3,7,0,13,1,0,0,105,1.721,12.7,1.2,2.8,5.2,1.86,"",NULL,NULL,"nakaos000osc"
161,2016,"Hiroshima Carp","Ren Nakata",25,1,1,0.5,16.62,8,0,0,0,0,0,4.1,5,8,8,1,4,0,6,1,0,0,23,2.077,10.4,2.1,8.3,12.5,1.5,"",NULL,NULL,"nakata001ren"
162,2016,"Hiroshima Carp","Shota Nakazaki",23,3,4,0.429,1.32,61,0,53,0,0,34,61.1,50,11,9,2,19,2,54,2,0,0,251,1.125,7.3,0.3,2.8,7.9,2.84,"",NULL,NULL,"nakaza000sho"
163,2016,"Hiroshima Carp","Keita Nishihara",27,0,0,0,12.6,2,0,2,0,0,0,5,12,7,7,1,1,0,2,0,0,0,27,2.6,21.6,1.8,1.8,3.6,2,"",NULL,NULL,"nishih000kei"
164,2016,"Hiroshima Carp","Yusuke Nomura",27,16,3,0.842,2.71,25,25,0,1,1,0,152.2,139,50,46,11,37,0,91,6,0,3,633,1.153,8.2,0.6,2.2,5.4,2.46,"",NULL,NULL,"nomura001yus"
165,2016,"Hiroshima Carp","Akitake Okada",22,4,3,0.571,3.02,18,15,0,1,0,0,89.1,89,34,30,6,25,0,60,0,2,4,375,1.276,9,0.6,2.5,6,2.4,"",NULL,NULL,"okada-002aki"
166,2016,"Hiroshima Carp","Jumpei Ono",29,0,0,0,7.36,6,0,3,0,0,0,7.1,8,7,6,2,2,0,3,2,0,0,35,1.364,9.8,2.5,2.5,3.7,1.5,"",NULL,NULL,"ono---000jum"
167,2016,"Hiroshima Carp","Daichi Osera",25,3,1,0.75,3.32,17,1,4,0,0,0,21.2,15,8,8,2,6,0,24,1,0,1,87,0.969,6.2,0.8,2.5,10,4,"",NULL,NULL,"osera-001dai"
168,2016,"Hiroshima Carp","Shoma Sato",26,0,0,0,7.71,2,0,1,0,0,0,2.1,5,2,2,0,1,0,3,1,0,0,14,2.571,19.3,0,3.9,11.6,3,"",NULL,NULL,"sato--001sho"
169,2016,"Hiroshima Carp","Takaya Toda",23,4,0,1,2.8,17,6,4,1,1,1,54.2,49,17,17,5,18,0,42,4,0,2,226,1.226,8.1,0.8,3,6.9,2.33,"",NULL,NULL,"toda--000tak"
170,2016,"Hiroshima Carp","Kazuki Yabuta",23,3,1,0.75,2.61,16,3,5,0,0,0,31,21,9,9,3,22,0,21,2,0,3,137,1.387,6.1,0.9,6.4,6.1,0.95,"",NULL,NULL,"yabuta000kaz"
171,2016,"Hiroshima Carp","Hiroki Yokoyama",24,2,2,0.5,5.47,6,5,0,0,0,0,26.1,30,19,16,3,12,0,17,5,0,2,123,1.595,10.3,1,4.1,5.8,1.42,"",NULL,NULL,"yokoya000hir"
172,2016,"Yomiuri Giants","Yuki Egarashi",29,0,1,0,7.27,2,2,0,0,0,0,8.2,14,8,7,0,7,0,4,0,0,0,47,2.423,14.5,0,7.3,4.2,0.57,"",NULL,NULL,"egaras000yuk"
173,2016,"Yomiuri Giants","Jun Hasegawa",25,0,1,0,8.53,3,1,1,0,0,0,6.1,11,6,6,0,2,0,3,0,0,0,32,2.053,15.6,0,2.8,4.3,1.5,"",NULL,NULL,"hasega000jun"
174,2016,"Yomiuri Giants","Nobutaka Imamura",22,3,4,0.429,5.59,16,14,0,0,0,0,77.1,87,49,48,11,36,0,60,2,0,3,346,1.591,10.1,1.3,4.2,7,1.67,"",NULL,NULL,"imamur000nob"
175,2016,"Yomiuri Giants","Masahiro Inui",27,0,0,0,0,2,0,1,0,0,0,2.1,1,2,0,0,2,0,3,0,0,0,12,1.286,3.9,0,7.7,11.6,1.5,"",NULL,NULL,"inui--000mas"
176,2016,"Yomiuri Giants","Yuki Koyama",27,0,1,0,4.85,9,1,2,0,0,0,13,15,7,7,1,5,1,12,0,0,0,58,1.538,10.4,0.7,3.5,8.3,2.4,"",NULL,NULL,"koyama000yuk"
177,2016,"Yomiuri Giants","Katsuhiko Kumon",24,0,0,0,3.86,12,0,5,0,0,0,11.2,10,5,5,1,3,0,12,2,0,1,50,1.114,7.7,0.8,2.3,9.3,4,"",NULL,NULL,"kumon-000kat"
178,2016,"Yomiuri Giants","Scott Mathieson",32,8,4,0.667,2.36,70,0,11,0,0,1,80,65,27,21,7,22,0,98,1,0,2,325,1.088,7.3,0.8,2.5,11,4.45,"",NULL,NULL,"mathie001sco"
179,2016,"Yomiuri Giants","Hector Mendoza",22,0,0,0,11.25,3,0,1,0,0,0,4,6,5,5,1,2,0,4,0,0,0,20,2,13.5,2.3,4.5,9,2,"",NULL,NULL,"mendoz000hec"
180,2016,"Yomiuri Giants","Miles Mikolas",27,4,2,0.667,2.45,14,14,0,1,0,0,91.2,84,35,25,10,23,0,84,4,0,0,381,1.167,8.2,1,2.3,8.2,3.65,"",NULL,NULL,"mikola001mil"
181,2016,"Yomiuri Giants","Ryosuke Miyaguni",24,4,1,0.8,2.95,34,0,6,0,0,0,39.2,38,14,13,6,9,0,14,0,0,0,162,1.185,8.6,1.4,2,3.2,1.56,"",NULL,NULL,"miyagu000ryo"
182,2016,"Yomiuri Giants","Kota Nakagawa",22,0,0,0,13.5,2,0,2,0,0,0,2,4,3,3,2,1,0,2,0,0,0,11,2.5,18,9,4.5,9,2,"",NULL,NULL,"nakaga000kot"
183,2016,"Yomiuri Giants","Kentaro Nishimura",31,0,0,0,3.21,27,0,8,0,0,0,28,30,11,10,2,16,0,25,5,0,1,134,1.643,9.6,0.6,5.1,8,1.56,"",NULL,NULL,"nishim001ken"
184,2016,"Yomiuri Giants","Kan Otake",33,6,6,0.5,3.55,17,16,0,0,0,0,91.1,91,40,36,6,30,1,71,1,0,3,393,1.325,9,0.6,3,7,2.37,"",NULL,NULL,"ohtake001kan"
185,2016,"Yomiuri Giants","Aaron Poreda",29,1,3,0.25,4,5,5,0,0,0,0,27,25,15,12,0,19,0,19,2,2,0,121,1.63,8.3,0,6.3,6.3,1,"",NULL,NULL,"poreda001aar"
186,2016,"Yomiuri Giants","Toshiki Sakurai",22,0,1,0,8.31,1,1,0,0,0,0,4.1,9,4,4,0,1,0,5,1,0,0,23,2.308,18.7,0,2.1,10.4,5,"",NULL,NULL,"sakura000tos"
187,2016,"Yomiuri Giants","Hirokazu Sawamura",28,6,4,0.6,2.66,63,0,53,0,0,37,64.1,60,20,19,5,22,0,55,1,1,9,271,1.275,8.4,0.7,3.1,7.7,2.5,"",NULL,NULL,"sawamu000hir"
188,2016,"Yomiuri Giants","Tomoyuki Sugano",26,9,6,0.6,2.01,26,26,0,5,2,0,183.1,156,46,41,12,26,0,189,4,0,1,726,0.993,7.7,0.6,1.3,9.3,7.27,"",NULL,NULL,"sugano001tom"
189,2016,"Yomiuri Giants","Kazuto Taguchi",20,10,10,0.5,2.72,26,26,0,2,1,0,162,150,54,49,15,49,0,126,6,0,1,668,1.228,8.3,0.8,2.7,7,2.57,"",NULL,NULL,"taguch000kaz"
190,2016,"Yomiuri Giants","Seiji Tahara",26,4,3,0.571,3.46,64,0,16,0,0,0,54.2,56,22,21,3,22,1,29,3,1,0,233,1.427,9.2,0.5,3.6,4.8,1.32,"",NULL,NULL,"tahara000sei"
191,2016,"Yomiuri Giants","Kentaro Taira",20,0,1,0,9.82,1,1,0,0,0,0,3.2,4,4,4,1,3,0,4,0,0,0,18,1.909,9.8,2.5,7.4,9.8,1.33,"",NULL,NULL,"taira-000ken"
192,2016,"Yomiuri Giants","Hayato Takagi",26,5,9,0.357,4.31,25,18,4,0,0,0,117,121,61,56,15,36,0,91,7,1,4,504,1.342,9.3,1.2,2.8,7,2.53,"",NULL,NULL,"takagi000hay"
193,2016,"Yomiuri Giants","Chiaki Tone",23,1,0,1,4.5,42,0,11,0,0,1,36,37,19,18,5,17,0,25,3,0,0,161,1.5,9.3,1.3,4.3,6.3,1.47,"",NULL,NULL,"tone--000chi"
194,2016,"Yomiuri Giants","Mizuki Tsuchida",26,0,0,0,6.48,7,0,3,0,0,1,8.1,12,6,6,0,3,0,6,0,0,2,38,1.8,13,0,3.2,6.5,2,"",NULL,NULL,"tsuchi000miz"
195,2016,"Yomiuri Giants","Tetsuya Utsumi",34,9,6,0.6,3.94,18,18,0,0,0,0,107.1,104,47,47,10,22,0,81,5,0,2,442,1.174,8.7,0.8,1.8,6.8,3.68,"",NULL,NULL,"utsumi001tet"
196,2016,"Yomiuri Giants","Tetsuya Yamaguchi",32,1,6,0.143,4.88,63,0,8,0,0,1,48,48,30,26,6,12,0,28,2,0,1,204,1.25,9,1.1,2.3,5.3,2.33,"",NULL,NULL,"yamagu001tet"
197,2016,"Yomiuri Giants","Toshiyuki Yanuki",32,0,0,0,2.61,8,0,3,0,0,0,10.1,10,3,3,0,5,0,11,0,0,1,42,1.452,8.7,0,4.4,9.6,2.2,"",NULL,NULL,"yanuki001tos"
198,2016,"Hanshin Tigers","Takumi Akiyama",25,1,1,0.5,4.05,8,2,5,0,0,0,20,23,9,9,1,2,0,20,0,0,0,85,1.25,10.4,0.5,0.9,9,10,"",NULL,NULL,"akiyam001tak"
199,2016,"Hanshin Tigers","Yuya Ando",38,0,1,0,2.53,50,0,7,0,0,0,42.2,29,13,12,4,12,0,24,0,0,0,164,0.961,6.1,0.8,2.5,5.1,2,"",NULL,NULL,"andoh-001yuy"
200,2016,"Hanshin Tigers","Koyo Aoyagi",22,4,5,0.444,3.29,13,12,1,0,0,0,68.1,41,31,25,1,40,0,52,8,0,2,289,1.185,5.4,0.1,5.3,6.8,1.3,"",NULL,NULL,"aoyagi000koy"
201,2016,"Hanshin Tigers","Rafael Dolis",28,3,3,0.5,2.12,34,0,19,0,0,8,34,19,11,8,0,16,1,36,2,0,1,138,1.029,5,0,4.2,9.5,2.25,"",NULL,NULL,"dolis-001raf"
202,2016,"Hanshin Tigers","Daiki Enokida",29,1,1,0.5,4.31,35,0,7,0,0,0,39.2,39,19,19,6,16,0,32,3,0,2,174,1.387,8.8,1.4,3.6,7.3,2,"",NULL,NULL,"enokid000dai"
203,2016,"Hanshin Tigers","Kyuji Fujikawa",35,5,6,0.455,4.6,43,5,15,0,0,3,62.2,58,34,32,7,30,2,70,3,0,4,275,1.404,8.3,1,4.3,10.1,2.33,"",NULL,NULL,"fujika001kyu"
204,2016,"Hanshin Tigers","Shintaro Fujinami",22,7,11,0.389,3.25,26,26,0,2,1,0,169,152,78,61,11,70,0,176,8,1,6,734,1.314,8.1,0.6,3.7,9.4,2.51,"",NULL,NULL,"fujina000shi"
205,2016,"Hanshin Tigers","Shinobu Fukuhara",39,0,0,0,5.06,9,0,1,0,0,0,5.1,8,3,3,1,1,0,6,0,0,0,23,1.688,13.5,1.7,1.7,10.1,6,"",NULL,NULL,"fukuha001shi"
206,2016,"Hanshin Tigers","Tsuyoshi Ishizaki",25,0,0,0,1.69,10,0,4,0,0,0,10.2,6,2,2,0,7,0,6,0,0,0,42,1.219,5.1,0,5.9,5.1,0.86,"",NULL,NULL,"ishiza000tsu"
207,2016,"Hanshin Tigers","Kazuo Ito",26,0,0,0,2.45,5,0,3,0,0,0,7.1,9,4,2,0,3,0,9,0,0,2,33,1.636,11,0,3.7,11,3,"",NULL,NULL,"ito---000kaz"
208,2016,"Hanshin Tigers","Yuta Iwasada",24,10,9,0.526,2.9,25,25,0,2,2,0,158.1,119,56,51,10,55,2,156,3,0,6,644,1.099,6.8,0.6,3.1,8.9,2.84,"",NULL,NULL,"iwasad000yut"
209,2016,"Hanshin Tigers","Minoru Iwata",32,0,3,0,8.85,6,4,0,0,0,0,20.1,36,23,20,4,10,1,14,2,0,3,107,2.262,15.9,1.8,4.4,6.2,1.4,"",NULL,NULL,"iwata-001min"
210,2016,"Hanshin Tigers","Suguru Iwazaki",25,3,5,0.375,3.63,16,13,1,0,0,0,74.1,73,33,30,10,27,0,59,2,0,3,319,1.345,8.8,1.2,3.3,7.1,2.19,"",NULL,NULL,"iwazak000sug"
211,2016,"Hanshin Tigers","Kazuyuki Kaneda",25,1,0,1,6,6,0,4,0,0,0,6,6,4,4,0,4,0,1,0,0,1,29,1.667,9,0,6,1.5,0.25,"",NULL,NULL,"kaneda000kaz"
212,2016,"Hanshin Tigers","Marcos Mateo",32,1,3,0.25,1.8,52,0,35,0,0,20,55,40,12,11,2,24,1,56,2,1,2,226,1.164,6.5,0.3,3.9,9.2,2.33,"",NULL,NULL,"mateo-001mar"
213,2016,"Hanshin Tigers","Ryoma Matsuda",22,1,0,1,1,22,0,7,0,0,0,27,14,3,3,2,9,2,26,0,0,1,102,0.852,4.7,0.7,3,8.7,2.89,"",NULL,NULL,"matsud000ryo"
214,2016,"Hanshin Tigers","Randy Messenger",34,12,11,0.522,3.01,28,28,0,2,1,0,185.1,178,73,62,11,60,2,177,1,0,4,791,1.284,8.6,0.5,2.9,8.6,2.95,"",NULL,NULL,"messen001ran"
215,2016,"Hanshin Tigers","Atsushi Mochizuki",18,0,0,0,0,1,0,1,0,0,0,1,1,0,0,0,0,0,1,0,0,0,4,1,9,0,0,9,0,"",NULL,NULL,"mochiz000ats"
216,2016,"Hanshin Tigers","Koki Moriya",22,0,1,0,8.64,4,1,2,0,0,0,8.1,16,8,8,2,4,0,7,0,0,0,44,2.4,17.3,2.2,4.3,7.6,1.75,"",NULL,NULL,"moriya000kok"
217,2016,"Hanshin Tigers","Atsushi Nomi",37,8,12,0.4,3.67,26,24,0,2,1,0,147.1,140,67,60,17,52,2,126,6,1,5,634,1.303,8.6,1,3.2,7.7,2.42,"",NULL,NULL,"nohmi-001ats"
218,2016,"Hanshin Tigers","Hiroaki Saiuchi",22,0,0,0,3,9,0,2,0,0,0,9,8,4,3,1,5,0,3,0,0,2,41,1.444,8,1,5,3,0.6,"",NULL,NULL,"saiuch000hir"
219,2016,"Hanshin Tigers","Cody Satterwhite",29,1,1,0.5,2.57,20,0,2,0,0,0,21,19,8,6,0,8,0,18,0,0,0,88,1.286,8.1,0,3.4,7.7,2.25,"",NULL,NULL,"satter001cod"
220,2016,"Hanshin Tigers","Hiroya Shimamoto",23,1,0,1,3.65,23,0,8,0,0,0,24.2,23,10,10,2,10,1,24,0,0,1,105,1.338,8.4,0.7,3.6,8.8,2.4,"",NULL,NULL,"shimam000hir"
221,2016,"Hanshin Tigers","Akifumi Takahashi",33,3,1,0.75,3.76,54,0,4,0,0,0,38.1,38,17,16,4,11,0,38,1,0,3,166,1.278,8.9,0.9,2.6,8.9,3.45,"",NULL,NULL,"takaha001aki"
222,2016,"Hanshin Tigers","Kazuya Takamiya",34,0,1,0,6.39,16,0,3,0,0,0,12.2,19,9,9,1,7,0,10,0,0,1,64,2.053,13.5,0.7,5,7.1,1.43,"",NULL,NULL,"takami001kaz"
223,2016,"Hanshin Tigers","Kojiro Tanabo",25,0,1,0,6.23,4,0,1,0,0,0,4.1,5,3,3,0,3,0,2,0,0,0,20,1.846,10.4,0,6.2,4.2,0.67,"",NULL,NULL,"tanabo000koj"
224,2016,"Hanshin Tigers","Naoto Tsuru",29,0,0,0,7.71,2,0,0,0,0,0,2.1,5,2,2,1,1,0,0,0,0,0,13,2.571,19.3,3.9,3.9,0,0,"",NULL,NULL,"tsuru-001nao"
225,2016,"Hanshin Tigers","Kazuya Tsutsui",34,0,0,0,9,1,0,1,0,0,0,1,1,1,1,0,2,0,0,0,0,0,5,3,9,0,18,0,0,"",NULL,NULL,"tsutsu001kaz"
226,2016,"Hanshin Tigers","Syoya Yamamoto",27,0,0,0,5.4,6,0,2,0,0,0,3.1,3,2,2,0,1,0,1,0,0,0,14,1.2,8.1,0,2.7,2.7,1,"",NULL,NULL,"yamamo000syo"
227,2016,"Hanshin Tigers","Yuya Yokoyama",22,2,0,1,2.93,3,3,0,0,0,0,15.1,11,7,5,2,8,1,16,0,0,1,63,1.239,6.5,1.2,4.7,9.4,2,"",NULL,NULL,"yokoya000yuy"
228,2016,"Yokohama Bay Stars","Mike Broadway",29,0,0,0,4.5,5,0,1,0,0,0,6,7,7,3,3,2,0,3,0,0,0,29,1.5,10.5,4.5,3,4.5,1.5,"",NULL,NULL,"broadw001mic"
229,2016,"Yokohama Bay Stars","Yoshiaki Fujioka",31,0,1,0,1.13,9,0,2,0,0,0,8,7,2,1,0,2,0,3,0,0,0,31,1.125,7.9,0,2.3,3.4,1.5,"",NULL,NULL,"fujiok001yos"
230,2016,"Yokohama Bay Stars","Motoharu Fukuchi",26,0,1,0,12.15,6,0,6,0,0,0,6.2,11,9,9,2,6,2,5,0,0,1,36,2.55,14.9,2.7,8.1,6.8,0.83,"",NULL,NULL,"fukuch000mot"
231,2016,"Yokohama Bay Stars","Shingo Hirata",26,0,0,0,21.6,4,0,0,0,0,0,3.1,7,9,8,2,3,0,2,1,0,0,21,3,18.9,5.4,8.1,5.4,0.67,"",NULL,NULL,"hirata000shi"
232,2016,"Yokohama Bay Stars","Shota Imanaga",22,8,9,0.471,2.93,22,22,0,0,0,0,135.1,108,47,44,16,38,1,136,2,0,1,541,1.079,7.2,1.1,2.5,9,3.58,"",NULL,NULL,"imanag000sho"
233,2016,"Yokohama Bay Stars","Shoichi Ino",30,7,11,0.389,3.5,23,23,0,2,1,0,151.2,156,65,59,14,47,2,113,6,0,6,654,1.338,9.3,0.8,2.8,6.7,2.4,"",NULL,NULL,"ino---000sho"
234,2016,"Yokohama Bay Stars","Kenta Ishida",23,9,4,0.692,3.12,25,25,0,0,0,0,153,128,53,53,21,36,1,132,1,1,5,608,1.072,7.5,1.2,2.1,7.8,3.67,"",NULL,NULL,"ishida000ken"
235,2016,"Yokohama Bay Stars","Shigeru Kaga",31,0,0,0,5.4,26,0,5,0,0,0,16.2,19,10,10,2,6,0,17,1,0,0,75,1.5,10.3,1.1,3.2,9.2,2.83,"",NULL,NULL,"kaga--001shi"
236,2016,"Yokohama Bay Stars","Hiroshi Kobayashi",27,0,0,0,27,1,0,0,0,0,0,0.1,1,1,1,1,0,0,0,0,0,0,2,3,27,27,0,0,0,"",NULL,NULL,"kobaya003hir"
237,2016,"Yokohama Bay Stars","Yota Kosugi",30,0,0,0,3.71,20,0,10,0,0,0,26.2,26,12,11,3,10,2,19,1,0,2,112,1.35,8.8,1,3.4,6.4,1.9,"",NULL,NULL,"kosugi001yot"
238,2016,"Yokohama Bay Stars","Yasutomo Kubo",35,5,8,0.385,3.55,15,15,0,1,1,0,96.1,102,44,38,5,28,4,80,3,0,4,419,1.349,9.5,0.5,2.6,7.5,2.86,"",NULL,NULL,"kubo--001yas"
239,2016,"Yokohama Bay Stars","Yuya Kubo",36,0,0,0,5.25,9,0,4,0,0,0,12,10,7,7,1,7,0,8,1,0,0,51,1.417,7.5,0.8,5.3,6,1.14,"",NULL,NULL,"kubo--001yuu"
240,2016,"Yokohama Bay Stars","Kento Kumabara",22,1,1,0.5,4.97,18,3,5,0,0,0,29,31,18,16,0,15,0,25,1,0,2,131,1.586,9.6,0,4.7,7.8,1.67,"",NULL,NULL,"kumaba000ken"
241,2016,"Yokohama Bay Stars","Yuki Kuniyoshi",24,0,0,0,21.6,1,1,0,0,0,0,1.2,4,4,4,0,3,0,2,0,0,0,12,4.2,21.6,0,16.2,10.8,0.67,"",NULL,NULL,"kuniyo000yuk"
242,2016,"Yokohama Bay Stars","Tomoya Mikami",27,2,4,0.333,2.61,59,0,14,0,0,2,58.2,47,21,17,7,18,2,36,2,0,2,241,1.108,7.2,1.1,2.8,5.5,2,"",NULL,NULL,"mikami000tom"
243,2016,"Yokohama Bay Stars","Kazuki Mishima",26,1,1,0.5,3.75,4,4,0,0,0,0,24,24,13,10,5,8,0,15,0,0,1,102,1.333,9,1.9,3,5.6,1.88,"",NULL,NULL,"mishim000kaz"
244,2016,"Yokohama Bay Stars","Daisuke Miura",42,0,3,0,11.05,3,3,0,0,0,0,14.2,29,18,18,3,4,0,14,0,0,0,75,2.25,17.8,1.8,2.5,8.6,3.5,"",NULL,NULL,"miura-001dai"
245,2016,"Yokohama Bay Stars","Guillermo Moscoso",32,5,7,0.417,5.18,13,13,0,1,0,0,80,88,47,46,15,19,1,65,0,0,5,342,1.338,9.9,1.7,2.1,7.3,3.42,"",NULL,NULL,"moscos001gui"
246,2016,"Yokohama Bay Stars","Takuto Nogawa",24,0,0,0,2.57,6,0,4,0,0,0,7,7,6,2,0,6,0,7,1,0,0,34,1.857,9,0,7.7,9,1.17,"",NULL,NULL,"nogawa000tak"
247,2016,"Yokohama Bay Stars","Shinji Ohara",31,0,0,0,4.97,16,0,0,0,0,0,12.2,15,7,7,4,6,1,14,2,0,0,59,1.658,10.7,2.8,4.3,9.9,2.33,"",NULL,NULL,"ohara-000shi"
248,2016,"Yokohama Bay Stars","Shuichiro Osada",36,0,0,0,9,6,0,1,0,0,0,4,8,4,4,0,3,0,3,1,0,0,24,2.75,18,0,6.8,6.8,1,"",NULL,NULL,"osada-001shu"
249,2016,"Yokohama Bay Stars","Zach Petrick",26,3,2,0.6,5.51,15,7,3,0,0,0,47.1,48,31,29,10,12,0,22,0,0,0,199,1.268,9.1,1.9,2.3,4.2,1.83,"",NULL,NULL,"petric000zac"
250,2016,"Yokohama Bay Stars","Kota Suda",29,5,3,0.625,2.68,62,0,11,0,0,0,53.2,54,17,16,2,18,2,49,1,0,0,233,1.342,9.1,0.3,3,8.2,2.72,"",NULL,NULL,"suda--000kot"
251,2016,"Yokohama Bay Stars","Yoshiki Sunada",20,2,2,0.5,3.78,17,8,2,0,0,0,52.1,64,26,22,5,18,1,34,2,0,0,237,1.567,11,0.9,3.1,5.8,1.89,"",NULL,NULL,"sunada000yos"
252,2016,"Yokohama Bay Stars","Kenjiro Tanaka",26,5,3,0.625,2.45,61,0,11,0,0,0,44,46,16,12,2,18,3,39,1,0,3,197,1.455,9.4,0.4,3.7,8,2.17,"",NULL,NULL,"tanaka002ken"
253,2016,"Yokohama Bay Stars","Shun Yamaguchi",28,11,5,0.688,2.86,19,19,0,5,3,0,138.2,112,48,44,10,44,0,121,4,0,5,570,1.125,7.3,0.6,2.9,7.9,2.75,"",NULL,NULL,"yamagu001shu"
254,2016,"Yokohama Bay Stars","Yasuaki Yamasaki",23,2,5,0.286,3.59,59,0,46,0,0,33,57.2,57,27,23,7,23,0,61,0,0,2,252,1.387,8.9,1.1,3.6,9.5,2.65,"",NULL,NULL,"yamasa000yas"
255,2016,"Yokohama Bay Stars","Mike Zagurski",33,3,1,0.75,4.96,32,0,9,0,0,0,32.2,37,19,18,3,19,0,34,0,1,0,151,1.714,10.2,0.8,5.2,9.4,1.79,"",NULL,NULL,"zagurs001mic"
256,2016,"Yakult Swallows","Ryo Akiyoshi",27,3,4,0.429,2.19,70,0,33,0,0,19,70,50,17,17,6,15,3,68,6,0,1,279,0.929,6.4,0.8,1.9,8.7,4.53,"",NULL,NULL,"akiyos000ryo"
257,2016,"Yakult Swallows","Nagisa Arakaki",36,1,2,0.333,6.67,6,6,0,0,0,0,29.2,33,22,22,4,15,0,23,2,0,4,136,1.618,10,1.2,4.6,7,1.53,"",NULL,NULL,"arakak001nag"
258,2016,"Yakult Swallows","Kyle Davies",32,4,5,0.444,4.39,15,15,0,0,0,0,82,84,44,40,14,31,1,64,4,0,4,361,1.402,9.2,1.5,3.4,7,2.06,"",NULL,NULL,"davies001hir"
259,2016,"Yakult Swallows","Hiroaki Dohi",25,0,0,0,8.44,4,0,1,0,0,0,5.1,8,5,5,0,4,0,5,1,0,0,28,2.25,13.5,0,6.8,8.4,1.25,"",NULL,NULL,"dohi--000hir"
260,2016,"Yakult Swallows","Masato Furuno",29,0,2,0,9.45,6,2,1,0,0,0,13.1,20,14,14,3,6,0,8,0,0,0,64,1.95,13.5,2,4.1,5.4,1.33,"",NULL,NULL,"furuno000mas"
261,2016,"Yakult Swallows","Juri Hara",22,2,8,0.2,5.91,13,13,0,0,0,0,67,80,45,44,4,25,0,33,5,0,0,298,1.567,10.7,0.5,3.4,4.4,1.32,"",NULL,NULL,"hara--000jur"
262,2016,"Yakult Swallows","Ryo Hirai",25,1,1,0.5,2.81,33,0,5,0,0,0,32,27,12,10,2,10,0,24,0,0,0,132,1.156,7.6,0.6,2.8,6.8,2.4,"",NULL,NULL,"hirai-000ryo"
263,2016,"Yakult Swallows","Masanori Ishikawa",36,8,8,0.5,4.47,20,20,0,0,0,0,116.2,126,59,58,15,33,1,52,2,1,3,500,1.363,9.7,1.2,2.5,4,1.58,"",NULL,NULL,"ishika001mas"
264,2016,"Yakult Swallows","Taichi Ishiyama",27,1,0,1,7.31,13,0,6,0,0,0,16,23,13,13,2,1,0,10,0,0,0,71,1.5,12.9,1.1,0.6,5.6,10,"",NULL,NULL,"ishiya000tai"
265,2016,"Yakult Swallows","Keiji Iwahashi",25,0,1,0,7.24,14,0,2,0,0,0,13.2,14,12,11,2,9,1,10,0,0,2,64,1.683,9.2,1.3,5.9,6.6,1.11,"",NULL,NULL,"iwahas000kei"
266,2016,"Yakult Swallows","Ren Kazahari",23,0,0,0,8.1,6,0,1,0,0,0,10,18,9,9,2,5,0,10,0,0,0,53,2.3,16.2,1.8,4.5,9,2,"",NULL,NULL,"kazaha000ren"
267,2016,"Yakult Swallows","Ryohei Kiya",27,0,0,0,27,1,0,0,0,0,0,0.2,2,2,2,0,1,0,1,0,0,0,5,4.5,27,0,13.5,13.5,1,"",NULL,NULL,"kiya--000ryo"
268,2016,"Yakult Swallows","Kazuki Kondo",32,0,0,0,3.18,8,0,3,0,0,0,11.1,14,5,4,0,6,1,10,2,0,0,54,1.765,11.1,0,4.8,7.9,1.67,"",NULL,NULL,"kondoh001kaz"
269,2016,"Yakult Swallows","Kentaro Kyuko",30,0,0,0,4.44,39,0,15,0,0,1,26.1,26,13,13,2,5,0,27,6,0,0,115,1.177,8.9,0.7,1.7,9.2,5.4,"",NULL,NULL,"kyuko-000ken"
270,2016,"Yakult Swallows","Josh Lueke",31,6,6,0.5,3.06,69,0,8,0,0,0,64.2,66,26,22,6,20,1,60,5,0,3,277,1.33,9.2,0.8,2.8,8.4,3,"",NULL,NULL,"lueke-001jos"
271,2016,"Yakult Swallows","Kenichi Matsuoka",34,2,1,0.667,3.74,53,0,8,0,0,0,55.1,54,25,23,4,31,2,39,3,0,1,246,1.536,8.8,0.7,5,6.3,1.26,"",NULL,NULL,"matsuo001ken"
272,2016,"Yakult Swallows","Kyohei Muranaka",28,7,3,0.7,3.9,52,2,8,0,0,0,67,63,29,29,9,38,0,51,5,0,1,292,1.507,8.5,1.2,5.1,6.9,1.34,"",NULL,NULL,"murana001kyo"
273,2016,"Yakult Swallows","Shogo Nakashima",24,0,0,0,6,3,0,2,0,0,0,3,4,2,2,0,2,0,2,0,0,0,14,2,12,0,6,6,1,"",NULL,NULL,"nakash000sho"
274,2016,"Yakult Swallows","Masato Nakazawa",31,1,0,1,3.54,19,0,9,0,0,0,20.1,17,8,8,3,6,1,11,3,0,1,87,1.131,7.5,1.3,2.7,4.9,1.83,"",NULL,NULL,"nakaza001mas"
275,2016,"Yakult Swallows","Yoshihisa Naruse",30,3,2,0.6,5.6,22,10,1,0,0,0,72.1,82,46,45,13,27,1,42,5,0,1,319,1.507,10.2,1.6,3.4,5.2,1.56,"",NULL,NULL,"naruse001yos"
276,2016,"Yakult Swallows","Yasuhiro Ogawa",26,8,9,0.471,4.5,25,25,0,4,1,0,158,149,82,79,22,52,0,114,6,0,3,668,1.272,8.5,1.3,3,6.5,2.19,"",NULL,NULL,"ogawa-001yas"
277,2016,"Yakult Swallows","Logan Ondrusek",31,3,1,0.75,2.45,30,0,24,0,0,11,29.1,23,10,8,0,11,1,29,0,0,0,121,1.159,7.1,0,3.4,8.9,2.64,"",NULL,NULL,"ondrus001log"
278,2016,"Yakult Swallows","Luis Perez",31,2,2,0.5,8.02,19,1,7,0,0,0,21.1,26,20,19,2,15,2,19,3,0,2,107,1.922,11,0.8,6.3,8,1.27,"",NULL,NULL,"perez-007lui"
279,2016,"Yakult Swallows","Yoshinori Sato",26,2,3,0.4,4.56,5,5,0,0,0,0,25.2,26,16,13,1,20,0,18,1,0,2,120,1.792,9.1,0.4,7,6.3,0.9,"",NULL,NULL,"sato--002yos"
280,2016,"Yakult Swallows","Toshihiro Sugiura",24,3,2,0.6,7.14,17,11,1,0,0,0,51.2,75,43,41,6,25,2,45,1,0,2,252,1.935,13.1,1,4.4,7.8,1.8,"",NULL,NULL,"sugiur000tos"
281,2016,"Yakult Swallows","Singo Takeshita",25,0,0,0,13.5,1,0,0,0,0,0,2.2,2,4,4,2,6,0,1,0,0,0,15,3,6.8,6.8,20.3,3.4,0.17,"",NULL,NULL,"takesh000sin"
282,2016,"Yakult Swallows","Shohei Tateyama",35,1,4,0.2,7.24,10,9,0,0,0,0,46,65,39,37,5,26,0,33,5,0,5,230,1.978,12.7,1,5.1,6.5,1.27,"",NULL,NULL,"tateya001sho"
283,2016,"Yakult Swallows","Tetsuya Terada",29,0,1,0,27,2,1,0,0,0,0,2,4,6,6,0,5,0,0,1,0,1,15,4.5,18,0,22.5,0,0,"",NULL,NULL,"terada000tet"
284,2016,"Yakult Swallows","Takeaki Tokuyama",26,0,0,0,12.46,3,0,1,0,0,0,4.1,6,6,6,1,3,0,3,0,0,0,21,2.077,12.5,2.1,6.2,6.2,1,"",NULL,NULL,"tokuya000tak"
285,2016,"Yakult Swallows","Ryosuke Yagi",25,0,1,0,12,1,1,0,0,0,0,3,6,4,4,0,3,0,6,0,0,1,19,3,18,0,9,18,2,"",NULL,NULL,"yagi--000ryo"
286,2016,"Yakult Swallows","Hirofumi Yamanaka",30,6,12,0.333,3.54,22,22,0,3,1,0,140,140,56,55,17,20,2,54,9,0,1,578,1.143,9,1.1,1.3,3.5,2.7,"",NULL,NULL,"yamana000hir"
287,2016,"Chunichi Dragons","Takuma Achira",23,0,0,0,2.51,13,0,6,0,0,0,14.1,12,4,4,2,4,0,14,1,0,1,59,1.116,7.5,1.3,2.5,8.8,3.5,"",NULL,NULL,"achira000tak"
288,2016,"Chunichi Dragons","Hiroto Fuku",24,1,2,0.333,4.78,27,1,12,0,0,0,43.1,42,26,23,1,18,0,31,3,0,2,186,1.385,8.7,0.2,3.7,6.4,1.72,"",NULL,NULL,"fuku--000hir"
289,2016,"Chunichi Dragons","Koji Fukutani",25,1,2,0.333,4.05,41,0,22,0,0,8,40,45,18,18,6,9,0,23,2,0,5,171,1.35,10.1,1.4,2,5.2,2.56,"",NULL,NULL,"fukuta000koj"
290,2016,"Chunichi Dragons","Tatsuro Hamada",21,0,1,0,15.75,1,1,0,0,0,0,4,8,7,7,0,5,0,0,0,0,1,25,3.25,18,0,11.3,0,0,"",NULL,NULL,"hamada000tat"
291,2016,"Chunichi Dragons","Junki Ito",25,1,2,0.333,6.05,6,3,1,0,0,0,19.1,22,14,13,2,9,0,12,0,0,1,89,1.603,10.2,0.9,4.2,5.6,1.33,"",NULL,NULL,"ito---001jun"
292,2016,"Chunichi Dragons","Hitoki Iwase",41,0,2,0,6.1,15,0,5,0,0,0,10.1,14,8,7,1,3,0,5,0,0,0,48,1.645,12.2,0.9,2.6,4.4,1.67,"",NULL,NULL,"iwase-001hit"
293,2016,"Chunichi Dragons","Shinji Iwata",29,0,0,0,0,1,0,0,0,0,0,0.1,0,0,0,0,0,0,0,0,0,0,1,0,0,0,0,0,0,"",NULL,NULL,"iwata-001shi"
294,2016,"Chunichi Dragons","Takeshi Kaneko",23,0,0,0,18,1,0,1,0,0,0,1,2,2,2,1,1,0,0,0,0,0,6,3,18,9,9,0,0,"",NULL,NULL,"kaneko000tak"
295,2016,"Chunichi Dragons","Yudai Kawai",36,0,0,0,0,1,0,0,0,0,0,0.1,0,0,0,0,0,0,0,0,0,0,1,0,0,0,0,0,0,"",NULL,NULL,"kawai-001sus"
296,2016,"Chunichi Dragons","Katsuki Matayoshi",25,6,6,0.5,2.8,62,0,14,0,0,0,54.2,58,22,17,3,17,0,55,3,0,1,239,1.372,9.5,0.5,2.8,9.1,3.24,"",NULL,NULL,"matayo000kat"
297,2016,"Chunichi Dragons","Yuta Muto",27,0,0,0,3.38,4,0,1,0,0,0,5.1,9,3,2,0,3,0,3,0,0,0,28,2.25,15.2,0,5.1,5.1,1,"",NULL,NULL,"muto--000yut"
298,2016,"Chunichi Dragons","Drew Naylor",30,1,2,0.333,4.62,7,7,0,0,0,0,37,34,21,19,3,18,0,34,3,0,1,163,1.405,8.3,0.7,4.4,8.3,1.89,"",NULL,NULL,"naylor001dre"
299,2016,"Chunichi Dragons","Jordan Norberto",29,6,6,0.5,4.24,22,21,0,0,0,0,121,111,62,57,12,54,0,108,8,0,5,523,1.364,8.3,0.9,4,8,2,"",NULL,NULL,"norber001jor"
300,2016,"Chunichi Dragons","Shinnosuke Ogasawara",18,2,6,0.25,3.36,15,0,0,0,0,0,72.1,56,30,27,7,40,0,58,2,0,4,310,1.327,7,0.9,5,7.2,1.45,"",NULL,NULL,"ogasaw000shi"
301,2016,"Chunichi Dragons","Ryuya Ogawa",24,1,1,0.5,2.27,44,0,6,0,0,0,31.2,21,10,8,1,9,0,34,3,0,1,126,0.947,6,0.3,2.6,9.7,3.78,"",NULL,NULL,"ogawa-000ryu"
302,2016,"Chunichi Dragons","Ryosuke Oguma",25,5,2,0.714,2.8,14,8,3,1,1,0,54.2,43,17,17,4,29,1,25,1,0,3,231,1.317,7.1,0.7,4.8,4.1,0.86,"",NULL,NULL,"oguma-000ryo"
303,2016,"Chunichi Dragons","Toshiya Okada",24,3,1,0.75,3.2,57,0,10,0,0,0,64.2,62,28,23,4,18,0,66,2,0,1,273,1.237,8.6,0.6,2.5,9.2,3.67,"",NULL,NULL,"okada-000tos"
304,2016,"Chunichi Dragons","Yudai Ono",27,7,10,0.412,3.54,19,19,0,3,1,0,129.2,126,59,51,11,37,0,85,2,0,0,547,1.257,8.7,0.8,2.6,5.9,2.3,"",NULL,NULL,"ono---000yud"
305,2016,"Chunichi Dragons","Yu Sato",23,1,0,1,3.67,14,4,2,0,0,0,27,21,12,11,1,21,0,18,1,1,2,123,1.556,7,0.3,7,6,0.86,"",NULL,NULL,"sato--000yu-"
306,2016,"Chunichi Dragons","Leyson Septimo",30,0,1,0,4.26,3,1,1,0,0,0,6.1,8,4,3,0,3,0,1,0,0,1,30,1.737,11.4,0,4.3,1.4,0.33,"",NULL,NULL,"septim001ley"
307,2016,"Chunichi Dragons","Daisuke Sobue",28,0,4,0,3.14,46,0,10,0,0,0,43,32,18,15,3,18,0,31,2,0,1,177,1.163,6.7,0.6,3.8,6.5,1.72,"",NULL,NULL,"sobue-000dai"
308,2016,"Chunichi Dragons","Shinji Tajima",26,3,4,0.429,2.44,59,0,30,0,0,17,59,50,16,16,5,25,1,61,3,0,5,248,1.271,7.6,0.8,3.8,9.3,2.44,"",NULL,NULL,"tajima000shi"
309,2016,"Chunichi Dragons","Raul Valdes",38,6,7,0.462,3.51,20,0,0,0,0,0,125.2,122,54,49,17,39,0,103,8,0,0,534,1.281,8.7,1.2,2.8,7.4,2.64,"",NULL,NULL,"valdes001rau"
310,2016,"Chunichi Dragons","Shunta Wakamatsu",21,7,8,0.467,4.06,19,18,0,3,0,0,115.1,127,55,52,10,37,0,85,0,0,3,497,1.422,9.9,0.8,2.9,6.6,2.3,"",NULL,NULL,"wakama000shu"
311,2016,"Chunichi Dragons","Tomoya Yagi",32,0,0,0,1.5,1,1,0,0,0,0,6,3,1,1,1,2,0,2,0,0,0,22,0.833,4.5,1.5,3,3,1,"",NULL,NULL,"yagi--001tom"
312,2016,"Chunichi Dragons","Daisuke Yamai",38,1,8,0.111,4.52,33,6,10,0,0,0,63.2,60,33,32,9,23,1,45,4,0,5,276,1.304,8.5,1.3,3.3,6.4,1.96,"",NULL,NULL,"yamai-001dai"
313,2016,"Chunichi Dragons","Kazuki Yoshimi",31,6,7,0.462,3.08,21,21,0,1,0,0,131.1,134,49,45,11,27,2,81,0,0,1,535,1.226,9.2,0.8,1.9,5.6,3,"",NULL,NULL,"yoshim001kaz"
314,2016,"Hokkaido Nippon Ham Fighters","Hayato Arakaki",30,0,0,0,3.86,4,1,3,0,0,0,9.1,12,4,4,1,0,0,7,1,0,0,39,1.286,11.6,1,0,6.8,0,"",NULL,NULL,"arakak000hay"
315,2016,"Hokkaido Nippon Ham Fighters","Kohei Arihara",23,11,9,0.55,2.94,22,22,0,2,1,0,156,150,52,51,13,38,1,103,2,1,3,640,1.205,8.7,0.8,2.2,5.9,2.71,"",NULL,NULL,"arihar000koh"
316,2016,"Hokkaido Nippon Ham Fighters","Anthony Bass",28,8,8,0.5,3.65,37,14,4,0,0,0,103.2,102,48,42,7,47,4,71,4,0,2,452,1.437,8.9,0.6,4.1,6.2,1.51,"",NULL,NULL,"bass--001ant"
317,2016,"Hokkaido Nippon Ham Fighters","Yodai Enoshita",27,1,0,1,3.58,16,0,11,0,0,0,27.2,22,11,11,5,17,2,21,1,0,1,119,1.41,7.2,1.6,5.5,6.8,1.24,"",NULL,NULL,"enoshi000yod"
318,2016,"Hokkaido Nippon Ham Fighters","Yoshiaki Fujioka",31,0,0,0,27,1,0,0,0,0,0,0.2,2,2,2,0,0,0,1,0,0,0,4,3,27,0,0,13.5,0,"",NULL,NULL,"fujiok001yos"
319,2016,"Hokkaido Nippon Ham Fighters","Akihiro Hakumura",24,3,1,0.75,2.63,22,0,5,0,0,0,24,20,7,7,3,14,0,19,1,0,1,101,1.417,7.5,1.1,5.3,7.1,1.36,"",NULL,NULL,"hakumu000aki"
320,2016,"Hokkaido Nippon Ham Fighters","Kazutomo Iguchi",22,0,1,0,3.86,37,0,13,0,0,0,42,39,18,18,6,10,1,27,2,0,3,174,1.167,8.4,1.3,2.1,5.8,2.7,"",NULL,NULL,"iguchi000kaz"
321,2016,"Hokkaido Nippon Ham Fighters","Yuya Ishii",34,0,0,0,1.65,22,0,1,0,0,0,16.1,11,3,3,0,4,0,16,0,0,0,63,0.918,6.1,0,2.2,8.8,4,"",NULL,NULL,"ishii-001yuy"
322,2016,"Hokkaido Nippon Ham Fighters","Naoya Ishikawa",19,0,0,0,0,1,0,0,0,0,0,1,0,0,0,0,1,0,0,0,0,0,4,1,0,0,9,0,0,"",NULL,NULL,"ishika000nao"
323,2016,"Hokkaido Nippon Ham Fighters","Yohei Kagiya",25,5,3,0.625,4.23,48,0,19,0,0,3,44.2,37,23,21,3,21,1,38,0,0,4,187,1.299,7.5,0.6,4.2,7.7,1.81,"",NULL,NULL,"kagiya000yoh"
324,2016,"Hokkaido Nippon Ham Fighters","Masashi Kanehira",25,0,0,0,0,1,0,0,0,0,0,0.2,0,0,0,0,1,0,0,1,0,0,4,1.5,0,0,13.5,0,0,"",NULL,NULL,"kanehi000mas"
325,2016,"Hokkaido Nippon Ham Fighters","Takayuki Kato",24,7,3,0.7,3.45,30,16,1,0,0,0,91.1,91,37,35,4,31,1,64,2,0,1,392,1.336,9,0.4,3.1,6.3,2.06,"",NULL,NULL,"kato--007tak"
326,2016,"Hokkaido Nippon Ham Fighters","Chris Martin",30,2,0,1,1.07,52,0,28,0,0,21,50.2,25,8,6,2,7,0,57,0,3,2,182,0.632,4.4,0.4,1.2,10.1,8.14,"",NULL,NULL,"martin009chr"
327,2016,"Hokkaido Nippon Ham Fighters","Hirotoshi Masui",32,10,3,0.769,2.44,30,8,15,2,1,10,81,71,22,22,5,26,2,71,3,0,3,333,1.198,7.9,0.6,2.9,7.9,2.73,"",NULL,NULL,"masui-001hir"
328,2016,"Hokkaido Nippon Ham Fighters","Luis Mendoza",32,7,8,0.467,3.88,23,22,0,0,0,0,132.1,135,64,57,13,45,2,77,4,0,7,573,1.36,9.2,0.9,3.1,5.2,1.71,"",NULL,NULL,"mendoz002lui"
329,2016,"Hokkaido Nippon Ham Fighters","Naoki Miyanishi",31,3,1,0.75,1.52,58,0,6,0,0,2,47.1,28,11,8,0,22,1,36,5,0,1,190,1.056,5.3,0,4.2,6.8,1.64,"",NULL,NULL,"miyani001nao"
330,2016,"Hokkaido Nippon Ham Fighters","Masaru Nakamura",24,0,1,0,6,2,2,0,0,0,0,12,10,8,8,2,6,0,9,0,0,1,52,1.333,7.5,1.5,4.5,6.8,1.5,"",NULL,NULL,"nakamu002mas"
331,2016,"Hokkaido Nippon Ham Fighters","Shohei Otani",21,10,4,0.714,1.86,21,20,0,4,1,0,140,89,33,29,4,45,0,174,8,0,6,548,0.957,5.7,0.3,2.9,11.2,3.87,"",NULL,NULL,"otani-000sho"
332,2016,"Hokkaido Nippon Ham Fighters","Yuki Saito",28,0,1,0,4.56,11,3,3,0,0,0,23.2,26,12,12,2,11,0,14,2,0,3,104,1.563,9.9,0.8,4.2,5.3,1.27,"",NULL,NULL,"saito-000yuk"
333,2016,"Hokkaido Nippon Ham Fighters","Hayao Segawa",29,0,0,0,0,1,0,1,0,0,0,1,0,0,0,0,1,0,0,0,0,0,3,1,0,0,9,0,0,"",NULL,NULL,"segawa000hay"
334,2016,"Hokkaido Nippon Ham Fighters","Hirotoshi Takanashi",25,10,2,0.833,2.38,37,14,9,1,1,0,109.2,79,30,29,6,36,0,86,4,0,0,439,1.049,6.5,0.5,3,7.1,2.39,"",NULL,NULL,"takana000hir"
335,2016,"Hokkaido Nippon Ham Fighters","Hisashi Takeda",37,0,0,0,14.54,5,0,3,0,0,0,4.1,11,7,7,0,1,0,0,2,0,0,27,2.769,22.8,0,2.1,0,0,"",NULL,NULL,"takeda001his"
336,2016,"Hokkaido Nippon Ham Fighters","Masaru Takeda",37,0,0,0,0,1,1,0,0,0,0,0.1,0,0,0,0,0,0,1,0,0,0,1,0,0,0,0,27,0,"",NULL,NULL,"takeda001mas"
337,2016,"Hokkaido Nippon Ham Fighters","Toyoki Tanaka",22,0,0,0,0,4,0,1,0,0,0,3.1,2,0,0,0,3,0,2,0,0,0,14,1.5,5.4,0,8.1,5.4,0.67,"",NULL,NULL,"tanaka000toy"
338,2016,"Hokkaido Nippon Ham Fighters","Keisuke Tanimoto",31,3,2,0.6,2.32,58,0,5,0,0,3,50.1,41,14,13,4,16,0,44,1,0,0,206,1.132,7.3,0.7,2.9,7.9,2.75,"",NULL,NULL,"tanimo001kei"
339,2016,"Hokkaido Nippon Ham Fighters","Kenta Uehara",22,0,0,0,0,1,0,0,0,0,0,1,1,0,0,0,0,0,1,0,0,0,4,1,9,0,0,9,0,"",NULL,NULL,"uehara000ken"
340,2016,"Hokkaido Nippon Ham Fighters","Mitsuo Yoshikawa",28,7,6,0.538,4.19,27,20,5,0,0,3,109.2,125,53,51,9,52,0,65,5,0,1,494,1.614,10.3,0.7,4.3,5.3,1.25,"",NULL,NULL,"yoshik001mit"
