id,"player_name","backnumber","team","date_of_birth",height,weight,"throws","bats","positions",salary,year,"created_at","updated_at","player_id"
1,"Tomohiro Abe",NULL,"Hiroshima Carp","1989-06-24",183,79,"R","L",NULL,NULL,2016,NULL,NULL,"abe---000tom"
2,"Tsubasa Aizawa",NULL,"Hiroshima Carp","1988-04-13",180,79,"R","R",NULL,NULL,2016,NULL,NULL,"aizawa001tsu"
3,"Masato Akamatsu",NULL,"Hiroshima Carp","1982-09-06",180,74,"R","R",NULL,NULL,2016,NULL,NULL,"akamat001mas"
4,"Soichiro A5a",NULL,"Hiroshima Carp","1983-11-08",180,79,"L","L",NULL,NULL,2016,NULL,NULL,"a5a-001soh"
5,"Takahiro Arai",NULL,"Hiroshima Carp","1977-01-30",186,95,"R","R",NULL,NULL,2016,NULL,NULL,"arai--001tak"
6,"Steve Delabar",NULL,"Hiroshima Carp","1983-07-17",195,97,"R","R",NULL,NULL,2016,NULL,NULL,"delaba001ste"
7,"Shota Dobayashi",NULL,"Hiroshima Carp","1991-08-17",180,80,"R","R",NULL,NULL,2016,NULL,NULL,"dobaya000sho"
8,"Hirotaka Egusa",NULL,"Hiroshima Carp","1980-09-03",180,83,"L","L",NULL,NULL,2016,NULL,NULL,"egusa-001hir"
9,"Brad Eldred",NULL,"Hiroshima Carp","1980-07-12",198,122,"R","R",NULL,NULL,2016,NULL,NULL,"eldred001bra"
10,"Yuya Fukui",NULL,"Hiroshima Carp","1988-02-08",180,77,"R","R",NULL,NULL,2016,NULL,NULL,"fukui-000yuy"
11,"Ryota Funakoshi",NULL,"Hiroshima Carp","1993-11-26",180,82,"R","R",NULL,NULL,2016,NULL,NULL,"funako000ryo"
12,"Shohei Habu",NULL,"Hiroshima Carp","1989-08-16",180,86,"R","L",NULL,NULL,2016,NULL,NULL,"habu--000sho"
13,"Bradin Hagens",NULL,"Hiroshima Carp","1989-05-12",189,95,"R","R",NULL,NULL,2016,NULL,NULL,"hagens001bra"
14,"Jun Hirose",NULL,"Hiroshima Carp","1979-03-29",183,86,"R","R",NULL,NULL,2016,NULL,NULL,"hirose001jun"
15,"Yuichi Hisamoto",NULL,"Hiroshima Carp","1979-03-14",177,72,"L","L",NULL,NULL,2016,NULL,NULL,"hisamo001yui"
16,"Atsuya Horie",NULL,"Hiroshima Carp","1997-02-21",180,77,"L","L",NULL,NULL,2016,NULL,NULL,"horie-000ats"
17,"Ryuji Ichioka",NULL,"Hiroshima Carp","1991-01-11",180,79,"R","R",NULL,NULL,2016,NULL,NULL,"ichiok000ryu"
18,"Tetsuya Iida",NULL,"Hiroshima Carp","1991-03-28",183,79,"L","L",NULL,NULL,2016,NULL,NULL,"iida--002tet"
19,"Takeru Imamura",NULL,"Hiroshima Carp","1991-04-17",180,82,"R","R",NULL,NULL,2016,NULL,NULL,"imamur001tak"
20,"Yoshiyuki Ishihara",NULL,"Hiroshima Carp","1979-09-07",180,81,"R","R",NULL,NULL,2016,NULL,NULL,"ishiha001yos"
21,"Yoshitaka Isomura",NULL,"Hiroshima Carp","1992-11-01",180,81,"R","R",NULL,NULL,2016,NULL,NULL,"isomur000yos"
22,"Takahiro Iwamoto",NULL,"Hiroshima Carp","1986-04-18",183,82,"L","L",NULL,NULL,2016,NULL,NULL,"iwamot002tak"
23,"Jay Jackson",NULL,"Hiroshima Carp","1987-10-27",183,88,"R","R",NULL,NULL,2016,NULL,NULL,"jackso001jay"
24,"Kris Johnson",NULL,"Hiroshima Carp","1984-10-14",192,92,"L","L",NULL,NULL,2016,NULL,NULL,"johnso001kri"
25,"Ryosuke Kikuchi",NULL,"Hiroshima Carp","1990-03-11",171,68,"R","R",NULL,NULL,2016,NULL,NULL,"kikuch000ryo"
26,"Tetsuya Kokubo",NULL,"Hiroshima Carp","1985-04-12",177,77,"R","R",NULL,NULL,2016,NULL,NULL,"kokubo001tet"
27,"Aren Kuri",NULL,"Hiroshima Carp","1991-09-01",183,91,"R","R",NULL,NULL,2016,NULL,NULL,"kuri--000are"
28,"Hiroki Kuroda",NULL,"Hiroshima Carp","1975-02-10",183,92,"R","R",NULL,NULL,2016,NULL,NULL,"kuroda001hir"
29,"Hector Luna",NULL,"Hiroshima Carp","1980-02-01",183,86,"R","R",NULL,NULL,2016,NULL,NULL,"luna--001hec"
30,"Yoshihiro 3u",NULL,"Hiroshima Carp","1989-04-11",180,79,"R","L",NULL,NULL,2016,NULL,NULL,"3u--001yos"
31,"Ryuhei Matsuyama",NULL,"Hiroshima Carp","1985-09-18",177,90,"R","L",NULL,NULL,2016,NULL,NULL,"matsuy001ryu"
32,"Katsuhiro Nagakawa",NULL,"Hiroshima Carp","1980-12-14",189,92,"R","R",NULL,NULL,2016,NULL,NULL,"nagaka001kat"
33,"Kyohei Nakamura",NULL,"Hiroshima Carp","1989-03-22",180,73,"L","L",NULL,NULL,2016,NULL,NULL,"nakamu000kyo"
34,"Oscar Nakaoshi",NULL,"Hiroshima Carp","1991-03-28",180,74,"L","L",NULL,NULL,2016,NULL,NULL,"nakaos000osc"
35,"Ren Nakata",NULL,"Hiroshima Carp","1990-07-21",186,89,"R","R",NULL,NULL,2016,NULL,NULL,"nakata001ren"
36,"Shota Nakazaki",NULL,"Hiroshima Carp","1992-08-10",183,89,"R","R",NULL,NULL,2016,NULL,NULL,"nakaza000sho"
37,"Keita Nishihara",NULL,"Hiroshima Carp","1988-09-29",180,80,"R","R",NULL,NULL,2016,NULL,NULL,"nishih000kei"
38,"Ryoma Nishikawa",NULL,"Hiroshima Carp","1994-12-10",177,68,"R","L",NULL,NULL,2016,NULL,NULL,"nishik000ryo"
39,"Takayoshi Noma",NULL,"Hiroshima Carp","1993-01-28",183,79,"R","L",NULL,NULL,2016,NULL,NULL,"noma--000tak"
40,"Yusuke Nomura",NULL,"Hiroshima Carp","1989-06-24",177,77,"R","R",NULL,NULL,2016,NULL,NULL,"nomura001yus"
41,"Akitake Okada",NULL,"Hiroshima Carp","1993-10-18",183,79,"R","L",NULL,NULL,2016,NULL,NULL,"okada-002aki"
42,"Jumpei Ono",NULL,"Hiroshima Carp","1987-04-05",180,81,"R","R",NULL,NULL,2016,NULL,NULL,"ono---000jum"
43,"Daichi Osera",NULL,"Hiroshima Carp","1991-06-17",183,92,"R","R",NULL,NULL,2016,NULL,NULL,"osera-001dai"
44,"Shoma Sato",NULL,"Hiroshima Carp","1989-08-18",174,77,"L","L",NULL,NULL,2016,NULL,NULL,"sato--001sho"
45,"Ko Shimozuru",NULL,"Hiroshima Carp","1988-04-23",180,84,"R","R",NULL,NULL,2016,NULL,NULL,"shimoz000ko-"
46,"Yuta Shirahama",NULL,"Hiroshima Carp","1985-10-31",180,84,"R","R",NULL,NULL,2016,NULL,NULL,"shirah000yut"
47,"Hayato Shoji",NULL,"Hiroshima Carp","1991-06-21",174,75,"R","L",NULL,NULL,2016,NULL,NULL,"shoji-000hay"
48,"Eishin Soyogi",NULL,"Hiroshima Carp","1980-10-11",174,70,"R","R",NULL,NULL,2016,NULL,NULL,"soyogi001eis"
49,"Seiya Suzuki",NULL,"Hiroshima Carp","1994-08-18",183,82,"R","R",NULL,NULL,2016,NULL,NULL,"suzuki001sei"
50,"Kosuke Tanaka",NULL,"Hiroshima Carp","1989-07-03",171,80,"R","L",NULL,NULL,2016,NULL,NULL,"tanaka000kos"
51,"Takaya Toda",NULL,"Hiroshima Carp","1993-06-10",183,67,"L","L",NULL,NULL,2016,NULL,NULL,"toda--000tak"
52,"Takashi Uemoto",NULL,"Hiroshima Carp","1990-08-22",168,69,"R","R",NULL,NULL,2016,NULL,NULL,"uemoto000tak"
53,"Kazuki Yabuta",NULL,"Hiroshima Carp","1992-08-07",186,83,"R","R",NULL,NULL,2016,NULL,NULL,"yabuta000kaz"
54,"Hiroki Yokoyama",NULL,"Hiroshima Carp","1992-03-12",186,85,"R","L",NULL,NULL,2016,NULL,NULL,"yokoya000hir"
55,"Shinnosuke Abe",NULL,"Yomiuri Giants","1979-03-20",183,96,"R","L",NULL,NULL,2016,NULL,NULL,"abe---001shi"
56,"Ryoji Aikawa",NULL,"Yomiuri Giants","1976-07-11",180,86,"R","R",NULL,NULL,2016,NULL,NULL,"aikawa002ryo"
57,"Leslie Anderson",NULL,"Yomiuri Giants","1982-03-30",183,92,"L","L",NULL,NULL,2016,NULL,NULL,"anders002les"
58,"Hisayoshi Chono",NULL,"Yomiuri Giants","1984-12-06",183,79,"R","R",NULL,NULL,2016,NULL,NULL,"chono-001his"
59,"Luis Cruz",NULL,"Yomiuri Giants","1984-02-10",183,95,"R","R",NULL,NULL,2016,NULL,NULL,"cruz--001lui"
60,"Takehiro Donoue",NULL,"Yomiuri Giants","1985-05-27",177,83,"R","L",NULL,NULL,2016,NULL,NULL,"donoue001tak"
61,"Yuki Egarashi",NULL,"Yomiuri Giants","1986-11-14",180,77,"R","R",NULL,NULL,2016,NULL,NULL,"egaras000yuk"
62,"Daisuke Fujimura",NULL,"Yomiuri Giants","1989-07-25",174,72,"R","L",NULL,NULL,2016,NULL,NULL,"fujimu000dai"
63,"Jose Garcia",NULL,"Yomiuri Giants","1993-03-02",180,74,"R","R",NULL,NULL,2016,NULL,NULL,"garcia040jos"
64,"Jun Hasegawa",NULL,"Yomiuri Giants","1991-06-15",183,73,"R","R",NULL,NULL,2016,NULL,NULL,"hasega000jun"
65,"Itaru Hashimoto",NULL,"Yomiuri Giants","1990-04-28",174,72,"R","L",NULL,NULL,2016,NULL,NULL,"hashim001ita"
66,"Nobutaka Imamura",NULL,"Yomiuri Giants","1994-03-15",180,77,"L","L",NULL,NULL,2016,NULL,NULL,"imamur000nob"
67,"Masahiro Inui",NULL,"Yomiuri Giants","1988-12-08",177,73,"L","L",NULL,NULL,2016,NULL,NULL,"inui--000mas"
68,"Garrett Jones",NULL,"Yomiuri Giants","1981-06-21",195,106,"L","L",NULL,NULL,2016,NULL,NULL,"jones-002gar"
69,"Yoshiyuki Kamei",NULL,"Yomiuri Giants","1982-07-28",180,79,"R","L",NULL,NULL,2016,NULL,NULL,"kamei-001yos"
70,"Yasuyuki Kataoka",NULL,"Yomiuri Giants","1983-02-17",177,81,"R","R",NULL,NULL,2016,NULL,NULL,"kataok001yas"
71,"Ken Kato",NULL,"Yomiuri Giants","1981-03-23",183,90,"R","R",NULL,NULL,2016,NULL,NULL,"katoh-001ken"
72,"Atsushi Kita",NULL,"Yomiuri Giants","1988-11-26",180,82,"R","L",NULL,NULL,2016,NULL,NULL,"kita--001ats"
73,"Seiji Kobayashi",NULL,"Yomiuri Giants","1989-06-07",180,73,"R","R",NULL,NULL,2016,NULL,NULL,"kobaya001sei"
74,"Yuki Koyama",NULL,"Yomiuri Giants","1988-12-05",186,77,"R","R",NULL,NULL,2016,NULL,NULL,"koyama000yuk"
75,"Katsuhiko Kumon",NULL,"Yomiuri Giants","1992-03-04",174,74,"L","L",NULL,NULL,2016,NULL,NULL,"kumon-000kat"
76,"Scott Mathieson",NULL,"Yomiuri Giants","1984-02-27",189,104,"R","R",NULL,NULL,2016,NULL,NULL,"mathie001sco"
77,"Tetsuya Matsumoto",NULL,"Yomiuri Giants","1984-07-03",171,66,"L","L",NULL,NULL,2016,NULL,NULL,"matsum001tet"
78,"Hector Mendoza",NULL,"Yomiuri Giants","1994-03-05",186,79,"R","R",NULL,NULL,2016,NULL,NULL,"mendoz000hec"
79,"Miles Mikolas",NULL,"Yomiuri Giants","1988-08-23",195,99,"R","R",NULL,NULL,2016,NULL,NULL,"mikola001mil"
80,"Ryosuke Miyaguni",NULL,"Yomiuri Giants","1992-04-17",180,75,"R","R",NULL,NULL,2016,NULL,NULL,"miyagu000ryo"
81,"Shuichi Murata",NULL,"Yomiuri Giants","1980-12-28",180,91,"R","R",NULL,NULL,2016,NULL,NULL,"murata001shu"
82,"Kota Nakagawa",NULL,"Yomiuri Giants","1994-02-24",180,82,"L","L",NULL,NULL,2016,NULL,NULL,"nakaga000kot"
83,"Daisuke Nakai",NULL,"Yomiuri Giants","1989-11-27",180,83,"R","R",NULL,NULL,2016,NULL,NULL,"nakai-001dai"
84,"Kentaro Nishimura",NULL,"Yomiuri Giants","1985-05-10",180,90,"R","R",NULL,NULL,2016,NULL,NULL,"nishim001ken"
85,"Kazuma Okamoto",NULL,"Yomiuri Giants","1996-06-30",180,95,"R","R",NULL,NULL,2016,NULL,NULL,"okamot002kaz"
86,"Taishi Ota",NULL,"Yomiuri Giants","1990-06-09",186,89,"R","R",NULL,NULL,2016,NULL,NULL,"ota---001tai"
87,"Kan Otake",NULL,"Yomiuri Giants","1983-05-21",180,84,"R","R",NULL,NULL,2016,NULL,NULL,"ohtake001kan"
88,"Aaron Poreda",NULL,"Yomiuri Giants","1986-10-01",198,108,"L","L",NULL,NULL,2016,NULL,NULL,"poreda001aar"
89,"Hayato Sakamoto",NULL,"Yomiuri Giants","1988-12-14",183,79,"R","R",NULL,NULL,2016,NULL,NULL,"sakamo001hay"
90,"Toshiki Sakurai",NULL,"Yomiuri Giants","1993-10-21",183,81,"R","R",NULL,NULL,2016,NULL,NULL,"sakura000tos"
91,"Kazunari Sanematsu",NULL,"Yomiuri Giants","1981-01-18",180,81,"R","R",NULL,NULL,2016,NULL,NULL,"sanema001kaz"
92,"Hirokazu Sawamura",NULL,"Yomiuri Giants","1988-04-03",180,95,"R","R",NULL,NULL,2016,NULL,NULL,"sawamu000hir"
93,"Shinnosuke Shigenobu",NULL,"Yomiuri Giants","1993-04-17",174,69,"R","L",NULL,NULL,2016,NULL,NULL,"shigen000shi"
94,"Tomoyuki Sugano",NULL,"Yomiuri Giants","1989-10-11",180,87,"R","R",NULL,NULL,2016,NULL,NULL,"sugano001tom"
95,"Takahiro Suzuki",NULL,"Yomiuri Giants","1978-04-27",183,77,"R","S",NULL,NULL,2016,NULL,NULL,"suzuki001tak"
96,"Kazuto Taguchi",NULL,"Yomiuri Giants","1995-09-14",171,74,"L","L",NULL,NULL,2016,NULL,NULL,"taguch000kaz"
97,"Seiji Tahara",NULL,"Yomiuri Giants","1989-09-02",180,69,"R","L",NULL,NULL,2016,NULL,NULL,"tahara000sei"
98,"Kentaro Taira",NULL,"Yomiuri Giants","1995-07-12",183,69,"R","R",NULL,NULL,2016,NULL,NULL,"taira-000ken"
99,"Hayato Takagi",NULL,"Yomiuri Giants","1989-07-13",180,87,"R","R",NULL,NULL,2016,NULL,NULL,"takagi000hay"
100,"Soichiro Tateoka",NULL,"Yomiuri Giants","1990-05-18",183,77,"R","R",NULL,NULL,2016,NULL,NULL,"tateok001soi"
101,"Takayuki Terauchi",NULL,"Yomiuri Giants","1983-05-27",180,72,"R","R",NULL,NULL,2016,NULL,NULL,"terauc001tak"
102,"Chiaki Tone",NULL,"Yomiuri Giants","1992-10-17",174,92,"L","L",NULL,NULL,2016,NULL,NULL,"tone--000chi"
103,"Mizuki Tsuchida",NULL,"Yomiuri Giants","1990-01-01",181,90,"R","R",NULL,NULL,2016,NULL,NULL,"tsuchi000miz"
104,"Harutomo Tsuji",NULL,"Yomiuri Giants","1994-08-11",183,81,"R","L",NULL,NULL,2016,NULL,NULL,"tsuji-000har"
105,"Tetsuya Utsumi",NULL,"Yomiuri Giants","1982-04-29",183,89,"L","L",NULL,NULL,2016,NULL,NULL,"utsumi001tet"
106,"Ryota Wakiya",NULL,"Yomiuri Giants","1981-11-04",177,74,"R","L",NULL,NULL,2016,NULL,NULL,"wakiya001ryo"
107,"Tetsuya Yamaguchi",NULL,"Yomiuri Giants","1983-11-11",180,86,"L","L",NULL,NULL,2016,NULL,NULL,"yamagu001tet"
108,"Yasuhiro Yamamoto",NULL,"Yomiuri Giants","1993-10-10",177,75,"R","R",NULL,NULL,2016,NULL,NULL,"yamamo003yas"
109,"Toshiyuki Yanuki",NULL,"Yomiuri Giants","1983-12-15",189,87,"R","R",NULL,NULL,2016,NULL,NULL,"yanuki001tos"
110,"Daiki Yoshikawa",NULL,"Yomiuri Giants","1992-08-21",174,69,"R","S",NULL,NULL,2016,NULL,NULL,"yoshik000dai"
111,"Sho Aranami",NULL,"Yokohama Bay Stars","1986-01-25",180,77,"R","L",NULL,NULL,2016,NULL,NULL,"aranam000sho"
112,"Mike Broadway",NULL,"Yokohama Bay Stars","1987-03-30",195,97,"R","R",NULL,NULL,2016,NULL,NULL,"broadw001mic"
113,"Yoshiaki Fujioka",NULL,"Yokohama Bay Stars","1985-03-12",180,78,"R","R",NULL,NULL,2016,NULL,NULL,"fujiok001yos"
114,"Motoharu Fukuchi",NULL,"Yokohama Bay Stars","1990-06-21",183,88,"L","L",NULL,NULL,2016,NULL,NULL,"fukuch000mot"
115,"Taketoshi Goto",NULL,"Yokohama Bay Stars","1980-06-05",177,83,"R","R",NULL,NULL,2016,NULL,NULL,"gotoh-001tak"
116,"Elian Herrera",NULL,"Yokohama Bay Stars","1985-02-01",183,92,"R","S",NULL,NULL,2016,NULL,NULL,"herrer001eli"
117,"Shingo Hirata",NULL,"Yokohama Bay Stars","1989-08-29",183,73,"R","R",NULL,NULL,2016,NULL,NULL,"hirata000shi"
118,"Shotaro Ide",NULL,"Yokohama Bay Stars","1983-10-10",180,81,"R","R",NULL,NULL,2016,NULL,NULL,"ide---001sho"
119,"Shota Imanaga",NULL,"Yokohama Bay Stars","1993-09-01",180,79,"L","L",NULL,NULL,2016,NULL,NULL,"imanag000sho"
120,"Shoichi Ino",NULL,"Yokohama Bay Stars","1986-05-01",186,86,"R","R",NULL,NULL,2016,NULL,NULL,"ino---000sho"
121,"Kenta Ishida",NULL,"Yokohama Bay Stars","1993-03-01",180,82,"L","L",NULL,NULL,2016,NULL,NULL,"ishida000ken"
122,"Takehiro Ishikawa",NULL,"Yokohama Bay Stars","1986-07-10",180,77,"R","L",NULL,NULL,2016,NULL,NULL,"ishika001tak"
123,"Shigeru Kaga",NULL,"Yokohama Bay Stars","1985-04-13",183,81,"R","R",NULL,NULL,2016,NULL,NULL,"kaga--001shi"
124,"Takayuki Kajitani",NULL,"Yokohama Bay Stars","1988-08-28",183,74,"R","L",NULL,NULL,2016,NULL,NULL,"kajita001tak"
125,"Hiroshi Kobayashi",NULL,"Yokohama Bay Stars","1989-01-21",180,86,"R","R",NULL,NULL,2016,NULL,NULL,"kobaya003hir"
126,"Yota Kosugi",NULL,"Yokohama Bay Stars","1985-12-08",186,74,"R","R",NULL,NULL,2016,NULL,NULL,"kosugi001yot"
127,"Yasutomo Kubo",NULL,"Yokohama Bay Stars","1980-08-06",183,81,"R","R",NULL,NULL,2016,NULL,NULL,"kubo--001yas"
128,"Yuya Kubo",NULL,"Yokohama Bay Stars","1980-05-23",180,79,"R","R",NULL,NULL,2016,NULL,NULL,"kubo--001yuu"
129,"Kento Kumabara",NULL,"Yokohama Bay Stars","1993-10-19",180,84,"R","L",NULL,NULL,2016,NULL,NULL,"kumaba000ken"
130,"Yuki Kuniyoshi",NULL,"Yokohama Bay Stars","1991-09-24",192,95,"R","R",NULL,NULL,2016,NULL,NULL,"kuniyo000yuk"
131,"Toshihiko Kuramoto",NULL,"Yokohama Bay Stars","1991-01-07",183,81,"R","L",NULL,NULL,2016,NULL,NULL,"kuramo000tos"
132,"Masayuki Kuwahara",NULL,"Yokohama Bay Stars","1993-07-21",174,73,"R","R",NULL,NULL,2016,NULL,NULL,"kuwaha000mas"
133,"Jose Lopez",NULL,"Yokohama Bay Stars","1983-11-24",180,92,"R","R",NULL,NULL,2016,NULL,NULL,"lopez-007jos"
134,"Hyuma Matsui",NULL,"Yokohama Bay Stars","1991-03-17",183,94,"R","R",NULL,NULL,2016,NULL,NULL,"matsui000hyu"
135,"Keijiro Matsumoto",NULL,"Yokohama Bay Stars","1986-06-24",183,75,"L","L",NULL,NULL,2016,NULL,NULL,"matsum001kei"
136,"Tomoya Mikami",NULL,"Yokohama Bay Stars","1989-04-10",186,89,"R","R",NULL,NULL,2016,NULL,NULL,"mikami000tom"
137,"Hiroki Minei",NULL,"Yokohama Bay Stars","1991-06-04",174,84,"R","S",NULL,NULL,2016,NULL,NULL,"minei-000hir"
138,"Kazuki Mishima",NULL,"Yokohama Bay Stars","1990-05-07",177,74,"R","S",NULL,NULL,2016,NULL,NULL,"mishim000kaz"
139,"Daisuke Miura",NULL,"Yokohama Bay Stars","1973-12-25",180,87,"R","R",NULL,NULL,2016,NULL,NULL,"miura-001dai"
140,"Toshiro Miyazaki",NULL,"Yokohama Bay Stars","1988-12-12",171,84,"R","R",NULL,NULL,2016,NULL,NULL,"miyaza000tos"
141,"Guillermo Moscoso",NULL,"Yokohama Bay Stars","1983-11-14",183,90,"R","R",NULL,NULL,2016,NULL,NULL,"moscos001gui"
142,"Masashi Nishimori",NULL,"Yokohama Bay Stars","1987-12-29",183,79,"R","S",NULL,NULL,2016,NULL,NULL,"nishim001mas"
143,"Takuto Nogawa",NULL,"Yokohama Bay Stars","1991-09-06",171,72,"L","L",NULL,NULL,2016,NULL,NULL,"nogawa000tak"
144,"Shinji Ohara",NULL,"Yokohama Bay Stars","1985-06-30",174,64,"L","L",NULL,NULL,2016,NULL,NULL,"ohara-000shi"
145,"Shuichiro Osada",NULL,"Yokohama Bay Stars","1980-05-06",180,79,"R","R",NULL,NULL,2016,NULL,NULL,"osada-001shu"
146,"Tomo Otosaka",NULL,"Yokohama Bay Stars","1994-01-06",183,82,"R","L",NULL,NULL,2016,NULL,NULL,"otosak000tom"
147,"Zach Petrick",NULL,"Yokohama Bay Stars","1989-07-29",189,88,"R","R",NULL,NULL,2016,NULL,NULL,"petric000zac"
148,"Jamie Romak",NULL,"Yokohama Bay Stars","1985-09-30",186,99,"R","R",NULL,NULL,2016,NULL,NULL,"romak-001jam"
149,"Taiki Sekine",NULL,"Yokohama Bay Stars","1995-06-28",174,79,"L","L",NULL,NULL,2016,NULL,NULL,"sekine000tai"
150,"Tatsuhiro Shibata",NULL,"Yokohama Bay Stars","1993-12-16",168,68,"R","L",NULL,NULL,2016,NULL,NULL,"shibat000tat"
151,"Tatsuya Shimozono",NULL,"Yokohama Bay Stars","1984-11-22",180,81,"L","L",NULL,NULL,2016,NULL,NULL,"shimoz001tat"
152,"Naoki Shirane",NULL,"Yokohama Bay Stars","1993-04-28",180,81,"R","R",NULL,NULL,2016,NULL,NULL,"shiran000nao"
153,"Hiroyuki Shirasaki",NULL,"Yokohama Bay Stars","1990-08-20",180,85,"R","R",NULL,NULL,2016,NULL,NULL,"shiras000hir"
154,"Kota Suda",NULL,"Yokohama Bay Stars","1986-07-31",177,75,"R","R",NULL,NULL,2016,NULL,NULL,"suda--000kot"
155,"Yoshiki Sunada",NULL,"Yokohama Bay Stars","1995-07-20",180,77,"L","L",NULL,NULL,2016,NULL,NULL,"sunada000yos"
156,"Shuto Takajo",NULL,"Yokohama Bay Stars","1993-05-03",177,79,"R","R",NULL,NULL,2016,NULL,NULL,"takajo000shu"
157,"Kenjiro Tanaka",NULL,"Yokohama Bay Stars","1989-09-18",180,73,"L","L",NULL,NULL,2016,NULL,NULL,"tanaka002ken"
158,"Yasutaka Tobashira",NULL,"Yokohama Bay Stars","1990-04-11",180,87,"R","L",NULL,NULL,2016,NULL,NULL,"tobash000yas"
159,"Yoshitomo Tsutsugo",NULL,"Yokohama Bay Stars","1991-11-26",180,94,"R","L",NULL,NULL,2016,NULL,NULL,"tsutsu000yos"
160,"Shun Yamaguchi",NULL,"Yokohama Bay Stars","1987-07-11",186,89,"R","R",NULL,NULL,2016,NULL,NULL,"yamagu001shu"
161,"Yasuaki Yamasaki",NULL,"Yokohama Bay Stars","1992-10-02",180,82,"R","R",NULL,NULL,2016,NULL,NULL,"yamasa000yas"
162,"Koki Yamashita",NULL,"Yokohama Bay Stars","1993-01-31",174,71,"R","L",NULL,NULL,2016,NULL,NULL,"yamash000kok"
163,"Shigeo Yanagida",NULL,"Yokohama Bay Stars","1982-03-31",180,77,"R","R",NULL,NULL,2016,NULL,NULL,"yanagi002shi"
164,"Mike Zagurski",NULL,"Yokohama Bay Stars","1983-01-27",180,108,"L","L",NULL,NULL,2016,NULL,NULL,"zagurs001mic"
165,"Takumi Akiyama",NULL,"Hanshin Tigers","1991-04-26",183,91,"R","L",NULL,NULL,2016,NULL,NULL,"akiyam001tak"
166,"Yuya Ando",NULL,"Hanshin Tigers","1977-12-27",180,92,"R","R",NULL,NULL,2016,NULL,NULL,"andoh-001yuy"
167,"Koyo Aoyagi",NULL,"Hanshin Tigers","1993-12-11",183,78,"R","R",NULL,NULL,2016,NULL,NULL,"aoyagi000koy"
168,"Ryota Arai",NULL,"Hanshin Tigers","1983-08-16",186,88,"R","R",NULL,NULL,2016,NULL,NULL,"arai--001ryo"
169,"Fumiya Araki",NULL,"Hanshin Tigers","1988-04-25",180,70,"R","L",NULL,NULL,2016,NULL,NULL,"araki-000fum"
170,"Rafael Dolis",NULL,"Hanshin Tigers","1988-01-10",192,97,"R","R",NULL,NULL,2016,NULL,NULL,"dolis-001raf"
171,"Taiga Egoshi",NULL,"Hanshin Tigers","1993-03-12",183,82,"R","R",NULL,NULL,2016,NULL,NULL,"egoshi000tai"
172,"Daiki Enokida",NULL,"Hanshin Tigers","1986-08-07",183,82,"L","L",NULL,NULL,2016,NULL,NULL,"enokid000dai"
173,"Kyuji Fujikawa",NULL,"Hanshin Tigers","1980-07-21",180,86,"R","L",NULL,NULL,2016,NULL,NULL,"fujika001kyu"
174,"Shunsuke Fujikawa",NULL,"Hanshin Tigers","1987-08-17",180,72,"R","R",NULL,NULL,2016,NULL,NULL,"fujika001shu"
175,"Shintaro Fujinami",NULL,"Hanshin Tigers","1994-04-12",195,85,"R","R",NULL,NULL,2016,NULL,NULL,"fujina000shi"
176,"Kosuke Fukudome",NULL,"Hanshin Tigers","1977-04-26",180,90,"R","L",NULL,NULL,2016,NULL,NULL,"fukudo001kos"
177,"Shinobu Fukuhara",NULL,"Hanshin Tigers","1976-12-28",183,95,"R","R",NULL,NULL,2016,NULL,NULL,"fukuha001shi"
178,"Mauro Gomez",NULL,"Hanshin Tigers","1984-09-07",186,104,"R","R",NULL,NULL,2016,NULL,NULL,"gomez-001mau"
179,"Matt Hague",NULL,"Hanshin Tigers","1985-08-20",189,101,"R","R",NULL,NULL,2016,NULL,NULL,"hague-001mat"
180,"Fumihito Haraguchi",NULL,"Hanshin Tigers","1992-03-03",183,78,"R","R",NULL,NULL,2016,NULL,NULL,"haragu000fum"
181,"Fumiya Hojo",NULL,"Hanshin Tigers","1994-07-29",177,71,"R","R",NULL,NULL,2016,NULL,NULL,"hojo--000fum"
182,"Ryota Imanari",NULL,"Hanshin Tigers","1987-10-06",180,73,"R","L",NULL,NULL,2016,NULL,NULL,"imanar001ryo"
183,"Tsuyoshi Ishizaki",NULL,"Hanshin Tigers","1990-09-09",183,84,"R","R",NULL,NULL,2016,NULL,NULL,"ishiza000tsu"
184,"Yutaro Itayama",NULL,"Hanshin Tigers","1994-03-27",183,78,"R","L",NULL,NULL,2016,NULL,NULL,"itayam000yut"
185,"Hayata Ito",NULL,"Hanshin Tigers","1989-05-08",177,83,"R","L",NULL,NULL,2016,NULL,NULL,"ito---001hay"
186,"Kazuo Ito",NULL,"Hanshin Tigers","1989-12-13",180,88,"R","R",NULL,NULL,2016,NULL,NULL,"ito---000kaz"
187,"Yuta Iwasada",NULL,"Hanshin Tigers","1991-09-05",183,77,"L","L",NULL,NULL,2016,NULL,NULL,"iwasad000yut"
188,"Minoru Iwata",NULL,"Hanshin Tigers","1983-10-31",180,88,"L","L",NULL,NULL,2016,NULL,NULL,"iwata-001min"
189,"Suguru Iwazaki",NULL,"Hanshin Tigers","1991-06-19",180,80,"L","L",NULL,NULL,2016,NULL,NULL,"iwazak000sug"
190,"Kazuyuki Kaneda",NULL,"Hanshin Tigers","1990-09-18",180,80,"R","R",NULL,NULL,2016,NULL,NULL,"kaneda000kaz"
191,"Keisuke Kano",NULL,"Hanshin Tigers","1982-12-17",183,79,"R","R",NULL,NULL,2016,NULL,NULL,"kanoh-001kei"
192,"Shinji Komiyama",NULL,"Hanshin Tigers","1985-11-26",180,81,"R","R",NULL,NULL,2016,NULL,NULL,"komiya001shi"
193,"Yamato Maeda",NULL,"Hanshin Tigers","1987-11-05",180,63,"R","R",NULL,NULL,2016,NULL,NULL,"maeda-001yam"
194,"3cos Mateo",NULL,"Hanshin Tigers","1984-04-18",183,99,"R","R",NULL,NULL,2016,NULL,NULL,"mateo-001mar"
195,"Ryoma Matsuda",NULL,"Hanshin Tigers","1994-02-08",180,88,"R","R",NULL,NULL,2016,NULL,NULL,"matsud000ryo"
196,"Randy Messenger",NULL,"Hanshin Tigers","1981-08-13",198,117,"R","R",NULL,NULL,2016,NULL,NULL,"messen001ran"
197,"Atsushi Mochizuki",NULL,"Hanshin Tigers","1997-08-02",186,83,"R","R",NULL,NULL,2016,NULL,NULL,"mochiz000ats"
198,"Yuto Morikoshi",NULL,"Hanshin Tigers","1988-08-11",180,69,"R","R",NULL,NULL,2016,NULL,NULL,"moriko000yut"
199,"Koki Moriya",NULL,"Hanshin Tigers","1993-11-25",180,81,"R","R",NULL,NULL,2016,NULL,NULL,"moriya000kok"
200,"Masahiro Nakatani",NULL,"Hanshin Tigers","1993-01-05",183,85,"R","R",NULL,NULL,2016,NULL,NULL,"nakata000mas"
201,"Tsuyoshi Nishioka",NULL,"Hanshin Tigers","1984-07-27",183,79,"R","S",NULL,NULL,2016,NULL,NULL,"nishio002tsu"
202,"Atsushi Nomi",NULL,"Hanshin Tigers","1979-05-28",183,74,"L","L",NULL,NULL,2016,NULL,NULL,"nohmi-001ats"
203,"Ryosuke Ogata",NULL,"Hanshin Tigers","1990-08-25",177,74,"R","L",NULL,NULL,2016,NULL,NULL,"ogata-000ryo"
204,"Taichi Okazaki",NULL,"Hanshin Tigers","1983-06-20",183,84,"R","R",NULL,NULL,2016,NULL,NULL,"okazak001tai"
205,"Hiroaki Saiuchi",NULL,"Hanshin Tigers","1993-07-19",180,88,"R","R",NULL,NULL,2016,NULL,NULL,"saiuch000hir"
206,"Seishiro Sakamoto",NULL,"Hanshin Tigers","1993-11-10",177,77,"R","R",NULL,NULL,2016,NULL,NULL,"sakamo000sei"
207,"Cody Satterwhite",NULL,"Hanshin Tigers","1987-01-27",192,106,"R","R",NULL,NULL,2016,NULL,NULL,"satter001cod"
208,"Kohei Shibata",NULL,"Hanshin Tigers","1986-07-17",177,77,"L","L",NULL,NULL,2016,NULL,NULL,"shibat001koh"
209,"Hiroya Shimamoto",NULL,"Hanshin Tigers","1993-02-14",177,64,"L","L",NULL,NULL,2016,NULL,NULL,"shimam000hir"
210,"Takashi Shimizu",NULL,"Hanshin Tigers","1984-04-23",180,77,"R","R",NULL,NULL,2016,NULL,NULL,"shimiz002tak"
211,"Akifumi Takahashi",NULL,"Hanshin Tigers","1983-05-29",177,79,"L","L",NULL,NULL,2016,NULL,NULL,"takaha001aki"
212,"Kazuya Takamiya",NULL,"Hanshin Tigers","1981-12-04",174,72,"L","L",NULL,NULL,2016,NULL,NULL,"takami001kaz"
213,"Shun Takayama",NULL,"Hanshin Tigers","1993-04-18",183,85,"R","L",NULL,NULL,2016,NULL,NULL,"takaya000shu"
214,"Kojiro Tanabo",NULL,"Hanshin Tigers","1990-12-09",180,88,"R","R",NULL,NULL,2016,NULL,NULL,"tanabo000koj"
215,"Takashi Toritani",NULL,"Hanshin Tigers","1981-06-26",183,77,"R","L",NULL,NULL,2016,NULL,NULL,"torita001tak"
216,"Naoto Tsuru",NULL,"Hanshin Tigers","1987-04-25",183,72,"R","L",NULL,NULL,2016,NULL,NULL,"tsuru-001nao"
217,"Kazunari Tsuruoka",NULL,"Hanshin Tigers","1977-05-30",180,83,"R","R",NULL,NULL,2016,NULL,NULL,"tsuruo001kaz"
218,"Kazuya Tsutsui",NULL,"Hanshin Tigers","1981-10-05",180,88,"L","R",NULL,NULL,2016,NULL,NULL,"tsutsu001kaz"
219,"Kai Ueda",NULL,"Hanshin Tigers","1996-04-19",177,71,"R","R",NULL,NULL,2016,NULL,NULL,"ueda--000kai"
220,"Hiroki Uemoto",NULL,"Hanshin Tigers","1986-07-04",174,63,"R","R",NULL,NULL,2016,NULL,NULL,"uemoto001hir"
221,"Ryutaro Umeno",NULL,"Hanshin Tigers","1991-06-17",174,79,"R","R",NULL,NULL,2016,NULL,NULL,"umeno-001ryu"
222,"Syoya Yamamoto",NULL,"Hanshin Tigers","1988-10-12",183,89,"L","L",NULL,NULL,2016,NULL,NULL,"yamamo000syo"
223,"Naomasa Yokawa",NULL,"Hanshin Tigers","1991-07-17",180,85,"R","R",NULL,NULL,2016,NULL,NULL,"yokawa000nao"
224,"Shintaro Yokota",NULL,"Hanshin Tigers","1995-06-09",183,84,"L","L",NULL,NULL,2016,NULL,NULL,"yokota000shi"
225,"Yuya Yokoyama",NULL,"Hanshin Tigers","1994-02-21",180,83,"L","L",NULL,NULL,2016,NULL,NULL,"yokoya000yuy"
226,"Ryo Akiyoshi",NULL,"Yakult Swallows","1989-03-21",183,72,"R","R",NULL,NULL,2016,NULL,NULL,"akiyos000ryo"
227,"Nagisa Arakaki",NULL,"Yakult Swallows","1980-05-09",186,81,"R","R",NULL,NULL,2016,NULL,NULL,"arakak001nag"
228,"Takahiro Araki",NULL,"Yakult Swallows","1987-07-26",180,76,"R","R",NULL,NULL,2016,NULL,NULL,"araki-001tak"
229,"Wladimir Balentien",NULL,"Yakult Swallows","1984-07-02",186,99,"R","R",NULL,NULL,2016,NULL,NULL,"balent001wla"
230,"Kyle Davies",NULL,"Yakult Swallows","1983-09-09",183,95,"R","R",NULL,NULL,2016,NULL,NULL,"davies001hir"
231,"Hiroaki Dohi",NULL,"Yakult Swallows","1990-11-16",183,87,"R","S",NULL,NULL,2016,NULL,NULL,"dohi--000hir"
232,"Ryota Fujii",NULL,"Yakult Swallows","1988-09-30",177,72,"R","L",NULL,NULL,2016,NULL,NULL,"fujii-000ryo"
233,"Masato Furuno",NULL,"Yakult Swallows","1986-09-27",180,79,"R","R",NULL,NULL,2016,NULL,NULL,"furuno000mas"
234,"Jae-Hoon Ha",NULL,"Yakult Swallows","1990-10-29",183,83,"R","R",NULL,NULL,2016,NULL,NULL,"ha----001jae"
235,"Juri Hara",NULL,"Yakult Swallows","1993-07-19",183,78,"R","R",NULL,NULL,2016,NULL,NULL,"hara--000jur"
236,"Kazuhiro Hatakeyama",NULL,"Yakult Swallows","1982-09-13",183,95,"R","R",NULL,NULL,2016,NULL,NULL,"hatake001kaz"
237,"Ryo Hirai",NULL,"Yakult Swallows","1991-04-23",180,73,"R","R",NULL,NULL,2016,NULL,NULL,"hirai-000ryo"
238,"Taishi Hirooka",NULL,"Yakult Swallows","1997-04-09",180,80,"R","R",NULL,NULL,2016,NULL,NULL,"hirook000tai"
239,"Wataru Hiyane",NULL,"Yakult Swallows","1987-06-27",180,68,"R","R",NULL,NULL,2016,NULL,NULL,"hiyane000wat"
240,"Yasushi Iihara",NULL,"Yakult Swallows","1983-04-26",177,78,"R","R",NULL,NULL,2016,NULL,NULL,"iihara001yas"
241,"Takahiro Imanami",NULL,"Yakult Swallows","1984-07-06",171,74,"R","L",NULL,NULL,2016,NULL,NULL,"imanam001tak"
242,"Suguru Ino",NULL,"Yakult Swallows","1983-11-23",183,77,"R","R",NULL,NULL,2016,NULL,NULL,"ino---001sug"
243,"Masanori Ishikawa",NULL,"Yakult Swallows","1980-01-22",168,68,"L","L",NULL,NULL,2016,NULL,NULL,"ishika001mas"
244,"Taichi Ishiyama",NULL,"Yakult Swallows","1988-09-01",183,74,"R","R",NULL,NULL,2016,NULL,NULL,"ishiya000tai"
245,"Keiji Iwahashi",NULL,"Yakult Swallows","1991-04-23",180,83,"L","L",NULL,NULL,2016,NULL,NULL,"iwahas000kei"
246,"Shingo Kawabata",NULL,"Yakult Swallows","1987-10-16",183,81,"R","L",NULL,NULL,2016,NULL,NULL,"kawaba001shi"
247,"Ren Kazahari",NULL,"Yakult Swallows","1993-02-26",180,87,"R","R",NULL,NULL,2016,NULL,NULL,"kazaha000ren"
248,"Ryohei Kiya",NULL,"Yakult Swallows","1989-04-07",183,84,"R","R",NULL,NULL,2016,NULL,NULL,"kiya--000ryo"
249,"Kazuki Kondo",NULL,"Yakult Swallows","1983-07-08",180,79,"R","R",NULL,NULL,2016,NULL,NULL,"kondoh001kaz"
250,"Kentaro Kyuko",NULL,"Yakult Swallows","1986-05-16",183,81,"L","L",NULL,NULL,2016,NULL,NULL,"kyuko-000ken"
251,"Josh Lueke",NULL,"Yakult Swallows","1984-12-05",195,110,"R","R",NULL,NULL,2016,NULL,NULL,"lueke-001jos"
252,"Jun Matsui",NULL,"Yakult Swallows","1987-11-27",177,87,"R","L",NULL,NULL,2016,NULL,NULL,"matsui000jun"
253,"Kenichi Matsuoka",NULL,"Yakult Swallows","1982-06-07",183,79,"R","R",NULL,NULL,2016,NULL,NULL,"matsuo001ken"
254,"Masayoshi Miwa",NULL,"Yakult Swallows","1984-01-23",168,68,"R","L",NULL,NULL,2016,NULL,NULL,"miwa--001mas"
255,"Ryosuke Morioka",NULL,"Yakult Swallows","1984-07-15",174,72,"R","L",NULL,NULL,2016,NULL,NULL,"moriok001ryu"
256,"Kyohei Muranaka",NULL,"Yakult Swallows","1987-10-25",183,76,"L","L",NULL,NULL,2016,NULL,NULL,"murana001kyo"
257,"Yuhei Nakamura",NULL,"Yakult Swallows","1990-06-17",177,69,"R","R",NULL,NULL,2016,NULL,NULL,"nakamu001yuh"
258,"Shogo Nakashima",NULL,"Yakult Swallows","1992-06-15",180,71,"R","R",NULL,NULL,2016,NULL,NULL,"nakash000sho"
259,"Masato Nakazawa",NULL,"Yakult Swallows","1985-02-16",180,79,"L","L",NULL,NULL,2016,NULL,NULL,"nakaza001mas"
260,"Yoshihisa Naruse",NULL,"Yakult Swallows","1985-10-13",183,86,"L","L",NULL,NULL,2016,NULL,NULL,"naruse001yos"
261,"Akihisa Nishida",NULL,"Yakult Swallows","1992-04-28",180,82,"R","R",NULL,NULL,2016,NULL,NULL,"nishid000aki"
262,"Naomichi Nishiura",NULL,"Yakult Swallows","1991-04-11",180,74,"R","R",NULL,NULL,2016,NULL,NULL,"nishiu000nao"
263,"Keiji Obiki",NULL,"Yakult Swallows","1984-06-29",180,79,"R","R",NULL,NULL,2016,NULL,NULL,"ohbiki001kei"
264,"Yasuhiro Ogawa",NULL,"Yakult Swallows","1990-05-16",171,79,"R","R",NULL,NULL,2016,NULL,NULL,"ogawa-001yas"
265,"Nobuyuki Okumura",NULL,"Yakult Swallows","1995-05-26",180,71,"R","L",NULL,NULL,2016,NULL,NULL,"okumur000nob"
266,"Logan Ondrusek",NULL,"Yakult Swallows","1985-02-13",204,104,"R","R",NULL,NULL,2016,NULL,NULL,"ondrus001log"
267,"Luis Perez",NULL,"Yakult Swallows","1985-01-20",180,97,"L","L",NULL,NULL,2016,NULL,NULL,"perez-007lui"
268,"Tomotaka Sakaguchi",NULL,"Yakult Swallows","1984-07-07",183,76,"R","L",NULL,NULL,2016,NULL,NULL,"sakagu001tom"
269,"Yoshinori Sato",NULL,"Yakult Swallows","1989-12-05",180,76,"R","L",NULL,NULL,2016,NULL,NULL,"sato--002yos"
270,"Toshihiro Sugiura",NULL,"Yakult Swallows","1992-02-25",186,85,"R","R",NULL,NULL,2016,NULL,NULL,"sugiur000tos"
271,"Yuhei Takai",NULL,"Yakult Swallows","1984-06-25",177,77,"L","L",NULL,NULL,2016,NULL,NULL,"takai-001yuh"
272,"Singo Takeshita",NULL,"Yakult Swallows","1990-10-20",183,81,"L","L",NULL,NULL,2016,NULL,NULL,"takesh000sin"
273,"Shinichi Takeuchi",NULL,"Yakult Swallows","1983-12-10",177,84,"L","L",NULL,NULL,2016,NULL,NULL,"takeuc001shi"
274,"Hiroyasu Tanaka",NULL,"Yakult Swallows","1982-05-24",180,77,"R","R",NULL,NULL,2016,NULL,NULL,"tanaka001hir"
275,"Shohei Tateyama",NULL,"Yakult Swallows","1981-03-17",183,92,"R","R",NULL,NULL,2016,NULL,NULL,"tateya001sho"
276,"Tetsuya Terada",NULL,"Yakult Swallows","1987-04-02",180,91,"R","R",NULL,NULL,2016,NULL,NULL,"terada000tet"
277,"Takeaki Tokuyama",NULL,"Yakult Swallows","1989-07-21",180,83,"R","S",NULL,NULL,2016,NULL,NULL,"tokuya000tak"
278,"Tsuyoshi Ueda",NULL,"Yakult Swallows","1988-10-02",180,72,"R","L",NULL,NULL,2016,NULL,NULL,"ueda--001tsu"
279,"Atsushi Ugumori",NULL,"Yakult Swallows","1987-02-01",183,79,"R","R",NULL,NULL,2016,NULL,NULL,"ugumor001ats"
280,"Ryota Yachi",NULL,"Yakult Swallows","1991-02-03",177,78,"R","R",NULL,NULL,2016,NULL,NULL,"yachi-000ryo"
281,"Ryosuke Yagi",NULL,"Yakult Swallows","1990-09-29",180,72,"L","L",NULL,NULL,2016,NULL,NULL,"yagi--000ryo"
282,"Tetsuto Yamada",NULL,"Yakult Swallows","1992-07-16",180,73,"R","R",NULL,NULL,2016,NULL,NULL,"yamada000tet"
283,"Hirofumi Yamanaka",NULL,"Yakult Swallows","1985-09-09",174,79,"R","R",NULL,NULL,2016,NULL,NULL,"yamana000hir"
284,"Kotaro Yamasaki",NULL,"Yakult Swallows","1993-08-11",174,68,"L","L",NULL,NULL,2016,NULL,NULL,"yamasa000kot"
285,"Toshiki Abe",NULL,"Chunichi Dragons","1989-12-03",183,79,"R","R",NULL,NULL,2016,NULL,NULL,"abe---001tos"
286,"Takuma Achira",NULL,"Chunichi Dragons","1992-11-20",186,94,"R","R",NULL,NULL,2016,NULL,NULL,"achira000tak"
287,"Ryuichiro Akada",NULL,"Chunichi Dragons","1988-01-07",180,79,"R","L",NULL,NULL,2016,NULL,NULL,"akada-000ryu"
288,"Kazuyuki Akasaka",NULL,"Chunichi Dragons","1989-09-04",180,82,"R","R",NULL,NULL,2016,NULL,NULL,"akasak001kaz"
289,"Masahiro Araki",NULL,"Chunichi Dragons","1977-09-13",183,73,"R","R",NULL,NULL,2016,NULL,NULL,"araki-001mas"
290,"Naomichi Donoue",NULL,"Chunichi Dragons","1988-09-23",180,79,"R","R",NULL,NULL,2016,NULL,NULL,"donoue001nao"
291,"Issei Endo",NULL,"Chunichi Dragons","1989-03-23",183,77,"R","L",NULL,NULL,2016,NULL,NULL,"endo--000iss"
292,"Atsushi Fujii",NULL,"Chunichi Dragons","1981-05-20",180,81,"R","R",NULL,NULL,2016,NULL,NULL,"fujii-001ats"
293,"Hiroto Fuku",NULL,"Chunichi Dragons","1992-06-16",180,86,"L","L",NULL,NULL,2016,NULL,NULL,"fuku--000hir"
294,"Nobumasa Fukuda",NULL,"Chunichi Dragons","1988-07-23",183,79,"R","R",NULL,NULL,2016,NULL,NULL,"fukuda001nob"
295,"Koji Fukutani",NULL,"Chunichi Dragons","1991-01-09",180,89,"R","R",NULL,NULL,2016,NULL,NULL,"fukuta000koj"
296,"Tatsuro Hamada",NULL,"Chunichi Dragons","1994-08-04",180,89,"L","L",NULL,NULL,2016,NULL,NULL,"hamada000tat"
297,"Anderson Hernandez",NULL,"Chunichi Dragons","1982-10-30",177,86,"R","S",NULL,NULL,2016,NULL,NULL,"hernan001and"
298,"Ryosuke Hirata",NULL,"Chunichi Dragons","1988-03-23",177,83,"R","R",NULL,NULL,2016,NULL,NULL,"hirata001ryo"
299,"Masataka Iryo",NULL,"Chunichi Dragons","1989-11-04",174,81,"R","L",NULL,NULL,2016,NULL,NULL,"iryo--000mas"
300,"Shun Ishikawa",NULL,"Chunichi Dragons","1990-05-26",180,81,"R","R",NULL,NULL,2016,NULL,NULL,"ishika002shu"
301,"Junki Ito",NULL,"Chunichi Dragons","1991-01-07",183,72,"R","L",NULL,NULL,2016,NULL,NULL,"ito---001jun"
302,"Hitoki Iwase",NULL,"Chunichi Dragons","1974-11-10",183,81,"L","L",NULL,NULL,2016,NULL,NULL,"iwase-001hit"
303,"Shinji Iwata",NULL,"Chunichi Dragons","1987-01-27",183,79,"R","L",NULL,NULL,2016,NULL,NULL,"iwata-001shi"
304,"Kyohei Kamezawa",NULL,"Chunichi Dragons","1988-10-15",171,72,"R","L",NULL,NULL,2016,NULL,NULL,"kameza000kyo"
305,"Takeshi Kaneko",NULL,"Chunichi Dragons","1993-02-25",186,89,"R","R",NULL,NULL,2016,NULL,NULL,"kaneko000tak"
306,"Takuma Kato",NULL,"Chunichi Dragons","1992-04-29",177,73,"R","R",NULL,NULL,2016,NULL,NULL,"kato--006tak"
307,"Iori Katsura",NULL,"Chunichi Dragons","1991-07-09",180,82,"R","R",NULL,NULL,2016,NULL,NULL,"katsur000ior"
308,"Yudai Kawai",NULL,"Chunichi Dragons","1980-06-17",174,71,"L","L",NULL,NULL,2016,NULL,NULL,"kawai-001sus"
309,"Takuya Kinoshita",NULL,"Chunichi Dragons","1991-12-18",180,91,"R","R",NULL,NULL,2016,NULL,NULL,"kinosh000tak"
310,"Hiroki Kondo",NULL,"Chunichi Dragons","1993-02-12",180,77,"R","R",NULL,NULL,2016,NULL,NULL,"kondo-002hir"
311,"Takahito Kudo",NULL,"Chunichi Dragons","1981-03-30",171,72,"L","L",NULL,NULL,2016,NULL,NULL,"kudoh-001tak"
312,"Katsuki Matayoshi",NULL,"Chunichi Dragons","1990-11-04",180,73,"R","R",NULL,NULL,2016,NULL,NULL,"matayo000kat"
313,"Masato Matsui",NULL,"Chunichi Dragons","1987-11-19",180,77,"R","L",NULL,NULL,2016,NULL,NULL,"matsui001mas"
314,"Yusuke Matsui",NULL,"Chunichi Dragons","1987-07-10",180,82,"R","R",NULL,NULL,2016,NULL,NULL,"matsui001yus"
315,"Taiki Mitsumata",NULL,"Chunichi Dragons","1992-05-11",177,79,"R","R",NULL,NULL,2016,NULL,NULL,"mitsum000tai"
316,"Hayato Mizowaki",NULL,"Chunichi Dragons","1994-05-17",180,69,"R","L",NULL,NULL,2016,NULL,NULL,"mizowa000hay"
317,"Masahiko Morino",NULL,"Chunichi Dragons","1978-07-28",183,84,"R","L",NULL,NULL,2016,NULL,NULL,"morino001mas"
318,"Yuta Muto",NULL,"Chunichi Dragons","1989-06-14",180,84,"R","R",NULL,NULL,2016,NULL,NULL,"muto--000yut"
319,"Ricardo Nanita",NULL,"Chunichi Dragons","1981-06-12",183,88,"L","L",NULL,NULL,2016,NULL,NULL,"nanita001ric"
320,"Drew Naylor",NULL,"Chunichi Dragons","1986-05-31",192,106,"R","R",NULL,NULL,2016,NULL,NULL,"naylor001dre"
321,"Kei Nomoto",NULL,"Chunichi Dragons","1984-07-07",183,81,"L","L",NULL,NULL,2016,NULL,NULL,"nomoto001kei"
322,"Jordan Norberto",NULL,"Chunichi Dragons","1986-12-08",180,88,"L","L",NULL,NULL,2016,NULL,NULL,"norber001jor"
323,"Shinnosuke Ogasawara",NULL,"Chunichi Dragons","1997-10-08",183,82,"L","L",NULL,NULL,2016,NULL,NULL,"ogasaw000shi"
324,"Ryuya Ogawa",NULL,"Chunichi Dragons","1991-09-03",183,69,"L","L",NULL,NULL,2016,NULL,NULL,"ogawa-000ryu"
325,"Ryosuke Oguma",NULL,"Chunichi Dragons","1990-08-11",183,79,"R","R",NULL,NULL,2016,NULL,NULL,"oguma-000ryo"
326,"Toshiya Okada",NULL,"Chunichi Dragons","1991-12-05",180,64,"L","L",NULL,NULL,2016,NULL,NULL,"okada-000tos"
327,"Yudai Ono",NULL,"Chunichi Dragons","1988-09-26",180,77,"L","L",NULL,NULL,2016,NULL,NULL,"ono---000yud"
328,"Yohei Oshima",NULL,"Chunichi Dragons","1985-11-09",177,73,"L","L",NULL,NULL,2016,NULL,NULL,"oshima001yoh"
329,"Yu Sato",NULL,"Chunichi Dragons","1993-06-29",186,84,"R","L",NULL,NULL,2016,NULL,NULL,"sato--000yu-"
330,"Leyson 9timo",NULL,"Chunichi Dragons","1985-07-07",183,90,"L","L",NULL,NULL,2016,NULL,NULL,"9tim001ley"
331,"Daisuke Sobue",NULL,"Chunichi Dragons","1987-08-11",174,77,"R","L",NULL,NULL,2016,NULL,NULL,"sobue-000dai"
332,"Shota Sugiyama",NULL,"Chunichi Dragons","1991-02-10",174,87,"R","R",NULL,NULL,2016,NULL,NULL,"sugiya000sho"
333,"Shinji Tajima",NULL,"Chunichi Dragons","1989-12-21",183,83,"R","R",NULL,NULL,2016,NULL,NULL,"tajima000shi"
334,"Shuhei Takahashi",NULL,"Chunichi Dragons","1994-01-18",180,84,"R","L",NULL,NULL,2016,NULL,NULL,"takaha000shu"
335,"Shingo Takeyama",NULL,"Chunichi Dragons","1984-06-22",180,86,"R","R",NULL,NULL,2016,NULL,NULL,"takeya001shi"
336,"Tetsuya Tani",NULL,"Chunichi Dragons","1985-07-09",180,79,"R","R",NULL,NULL,2016,NULL,NULL,"tani--001tet"
337,"Shota Tomonaga",NULL,"Chunichi Dragons","1991-04-01",171,73,"R","L",NULL,NULL,2016,NULL,NULL,"tomona000sho"
338,"Raul Valdes",NULL,"Chunichi Dragons","1977-11-27",183,86,"L","L",NULL,NULL,2016,NULL,NULL,"valdes001rau"
339,"Dayan Viciedo",NULL,"Chunichi Dragons","1989-03-10",183,108,"R","R",NULL,NULL,2016,NULL,NULL,"vicied001day"
340,"Shunta Wakamatsu",NULL,"Chunichi Dragons","1995-02-28",180,74,"R","R",NULL,NULL,2016,NULL,NULL,"wakama000shu"
341,"Tomoya Yagi",NULL,"Chunichi Dragons","1983-11-07",183,77,"L","L",NULL,NULL,2016,NULL,NULL,"yagi--001tom"
342,"Daisuke Yamai",NULL,"Chunichi Dragons","1978-05-10",180,81,"R","R",NULL,NULL,2016,NULL,NULL,"yamai-001dai"
343,"Kazuki Yoshimi",NULL,"Chunichi Dragons","1984-09-19",177,82,"R","R",NULL,NULL,2016,NULL,NULL,"yoshim001kaz"
344,"Hayato Arakaki",NULL,"Hokkaido Nippon Ham Fighters","1985-10-21",180,84,"R","R",NULL,NULL,2016,NULL,NULL,"arakak000hay"
345,"Kohei Arihara",NULL,"Hokkaido Nippon Ham Fighters","1992-08-11",186,95,"R","R",NULL,NULL,2016,NULL,NULL,"arihar000koh"
346,"Daiki Asama",NULL,"Hokkaido Nippon Ham Fighters","1996-06-21",180,74,"R","L",NULL,NULL,2016,NULL,NULL,"asama-000dai"
347,"Anthony Bass",NULL,"Hokkaido Nippon Ham Fighters","1987-11-01",186,90,"R","R",NULL,NULL,2016,NULL,NULL,"bass--001ant"
348,"Yodai Enoshita",NULL,"Hokkaido Nippon Ham Fighters","1988-07-21",180,75,"R","R",NULL,NULL,2016,NULL,NULL,"enoshi000yod"
349,"Yoshiaki Fujioka",NULL,"Hokkaido Nippon Ham Fighters","1985-03-12",180,78,"R","R",NULL,NULL,2016,NULL,NULL,"fujiok001yos"
350,"Akihiro Hakumura",NULL,"Hokkaido Nippon Ham Fighters","1991-12-11",183,86,"R","L",NULL,NULL,2016,NULL,NULL,"hakumu000aki"
351,"Tomoya Ichikawa",NULL,"Hokkaido Nippon Ham Fighters","1985-05-09",177,77,"R","R",NULL,NULL,2016,NULL,NULL,"ichika001tom"
352,"Kazutomo Iguchi",NULL,"Hokkaido Nippon Ham Fighters","1994-01-07",177,81,"R","R",NULL,NULL,2016,NULL,NULL,"iguchi000kaz"
353,"Yuji Iiyama",NULL,"Hokkaido Nippon Ham Fighters","1979-07-13",180,76,"R","R",NULL,NULL,2016,NULL,NULL,"iiyama001yuj"
354,"Yuya Ishii",NULL,"Hokkaido Nippon Ham Fighters","1981-07-04",180,77,"L","L",NULL,NULL,2016,NULL,NULL,"ishii-001yuy"
355,"Naoya Ishikawa",NULL,"Hokkaido Nippon Ham Fighters","1996-07-11",189,79,"R","R",NULL,NULL,2016,NULL,NULL,"ishika000nao"
356,"Ryo Ishikawa",NULL,"Hokkaido Nippon Ham Fighters","1995-07-20",180,82,"R","R",NULL,NULL,2016,NULL,NULL,"ishika000ryo"
357,"Shingo Ishikawa",NULL,"Hokkaido Nippon Ham Fighters","1993-04-27",180,76,"R","R",NULL,NULL,2016,NULL,NULL,"ishika000shi"
358,"Yohei Kagiya",NULL,"Hokkaido Nippon Ham Fighters","1990-09-23",177,79,"R","R",NULL,NULL,2016,NULL,NULL,"kagiya000yoh"
359,"Masashi Kanehira",NULL,"Hokkaido Nippon Ham Fighters","1991-03-24",180,85,"L","L",NULL,NULL,2016,NULL,NULL,"kanehi000mas"
360,"Takayuki Kato",NULL,"Hokkaido Nippon Ham Fighters","1992-06-03",180,81,"L","L",NULL,NULL,2016,NULL,NULL,"kato--007tak"
361,"Ryosuke Kishisato",NULL,"Hokkaido Nippon Ham Fighters","1995-04-03",180,74,"R","L",NULL,NULL,2016,NULL,NULL,"kishis000ryo"
362,"Kensuke Kondo",NULL,"Hokkaido Nippon Ham Fighters","1993-08-09",171,79,"R","L",NULL,NULL,2016,NULL,NULL,"kondo-000ken"
363,"Brandon Laird",NULL,"Hokkaido Nippon Ham Fighters","1987-09-11",183,97,"R","R",NULL,NULL,2016,NULL,NULL,"laird-001bra"
364,"Chris 3tin",NULL,"Hokkaido Nippon Ham Fighters","1986-06-02",204,97,"R","R",NULL,NULL,2016,NULL,NULL,"3tin009chr"
365,"Hirotoshi Masui",NULL,"Hokkaido Nippon Ham Fighters","1984-06-26",183,67,"R","R",NULL,NULL,2016,NULL,NULL,"masui-001hir"
366,"Go Matsumoto",NULL,"Hokkaido Nippon Ham Fighters","1993-08-11",183,79,"R","R",NULL,NULL,2016,NULL,NULL,"matsum000go-"
367,"Luis Mendoza",NULL,"Hokkaido Nippon Ham Fighters","1983-10-31",189,110,"R","R",NULL,NULL,2016,NULL,NULL,"mendoz002lui"
368,"Naoki Miyanishi",NULL,"Hokkaido Nippon Ham Fighters","1985-06-02",183,74,"L","L",NULL,NULL,2016,NULL,NULL,"miyani001nao"
369,"Masaru Nakamura",NULL,"Hokkaido Nippon Ham Fighters","1991-12-11",180,74,"R","R",NULL,NULL,2016,NULL,NULL,"nakamu002mas"
370,"Takuya Nakashima",NULL,"Hokkaido Nippon Ham Fighters","1991-01-11",177,68,"R","L",NULL,NULL,2016,NULL,NULL,"nakash000tak"
371,"Sho Nakata",NULL,"Hokkaido Nippon Ham Fighters","1989-04-22",180,94,"R","R",NULL,NULL,2016,NULL,NULL,"nakata001sho"
372,"Haruki Nishikawa",NULL,"Hokkaido Nippon Ham Fighters","1992-04-16",180,72,"R","L",NULL,NULL,2016,NULL,NULL,"nishik000har"
373,"Hiromi Oka",NULL,"Hokkaido Nippon Ham Fighters","1991-07-15",180,82,"R","R",NULL,NULL,2016,NULL,NULL,"oka---000hir"
374,"Shota Ono",NULL,"Hokkaido Nippon Ham Fighters","1987-01-13",180,77,"R","R",NULL,NULL,2016,NULL,NULL,"ono---001sho"
375,"Susumu Orui",NULL,"Hokkaido Nippon Ham Fighters","1990-08-31",174,69,"R","R",NULL,NULL,2016,NULL,NULL,"orui--000sus"
376,"Takumi Oshima",NULL,"Hokkaido Nippon Ham Fighters","1990-02-14",180,94,"R","L",NULL,NULL,2016,NULL,NULL,"oshima001tak"
377,"Shohei Otani",NULL,"Hokkaido Nippon Ham Fighters","1994-07-05",189,85,"R","L",NULL,NULL,2016,NULL,NULL,"otani-000sho"
378,"Yuki Saito",NULL,"Hokkaido Nippon Ham Fighters","1988-06-06",177,75,"R","R",NULL,NULL,2016,NULL,NULL,"saito-000yuk"
379,"Hayao Segawa",NULL,"Hokkaido Nippon Ham Fighters","1986-10-21",180,83,"L","L",NULL,NULL,2016,NULL,NULL,"segawa000hay"
380,"Yushi Shimizu",NULL,"Hokkaido Nippon Ham Fighters","1996-05-22",183,87,"R","R",NULL,NULL,2016,NULL,NULL,"shimiz000yus"
381,"Kenshi Sugiya",NULL,"Hokkaido Nippon Ham Fighters","1991-02-04",174,73,"R","S",NULL,NULL,2016,NULL,NULL,"sugiya002ken"
382,"Hirotoshi Takanashi",NULL,"Hokkaido Nippon Ham Fighters","1991-06-05",183,81,"R","R",NULL,NULL,2016,NULL,NULL,"takana000hir"
383,"Hisashi Takeda",NULL,"Hokkaido Nippon Ham Fighters","1978-10-14",171,72,"R","L",NULL,NULL,2016,NULL,NULL,"takeda001his"
384,"Masaru Takeda",NULL,"Hokkaido Nippon Ham Fighters","1978-07-10",177,70,"L","L",NULL,NULL,2016,NULL,NULL,"takeda001mas"
385,"Kensuke Tanaka",NULL,"Hokkaido Nippon Ham Fighters","1981-05-20",177,77,"R","L",NULL,NULL,2016,NULL,NULL,"tanaka001ken"
386,"Toyoki Tanaka",NULL,"Hokkaido Nippon Ham Fighters","1993-12-01",183,89,"R","R",NULL,NULL,2016,NULL,NULL,"tanaka000toy"
387,"Yuya Taniguchi",NULL,"Hokkaido Nippon Ham Fighters","1992-06-01",183,79,"R","L",NULL,NULL,2016,NULL,NULL,"tanigu000yuy"
388,"Keisuke Tanimoto",NULL,"Hokkaido Nippon Ham Fighters","1985-01-28",165,64,"R","R",NULL,NULL,2016,NULL,NULL,"tanimo001kei"
389,"Kenta Uehara",NULL,"Hokkaido Nippon Ham Fighters","1994-03-29",189,84,"L","L",NULL,NULL,2016,NULL,NULL,"uehara000ken"
390,"Ryo Watanabe",NULL,"Hokkaido Nippon Ham Fighters","1995-04-30",180,79,"R","R",NULL,NULL,2016,NULL,NULL,"watana002ryo"
391,"Dai-Kang Yang",NULL,"Hokkaido Nippon Ham Fighters","1987-01-17",180,77,"R","R",NULL,NULL,2016,NULL,NULL,"yang--001chu"
392,"Kenji Yano",NULL,"Hokkaido Nippon Ham Fighters","1980-09-21",180,81,"R","R",NULL,NULL,2016,NULL,NULL,"yano--001ken"
393,"Toshitake Yokoo",NULL,"Hokkaido Nippon Ham Fighters","1993-05-27",180,89,"R","R",NULL,NULL,2016,NULL,NULL,"yokoo-000tos"
394,"Tomohito Yoneno",NULL,"Hokkaido Nippon Ham Fighters","1982-01-21",183,81,"R","R",NULL,NULL,2016,NULL,NULL,"yoneno001tom"
395,"Mitsuo Yoshikawa",NULL,"Hokkaido Nippon Ham Fighters","1988-04-06",180,74,"L","L",NULL,NULL,2016,NULL,NULL,"yoshik001mit"
396,"Kenji Akashi",NULL,"Fukuoka Softbank Hawks","1986-01-09",177,69,"R","L",NULL,NULL,2016,NULL,NULL,"akashi001ken"
397,"Edison Barrios",NULL,"Fukuoka Softbank Hawks","1988-10-11",183,68,"R","R",NULL,NULL,2016,NULL,NULL,"barrio001edi"
398,"Barbaro Canizares",NULL,"Fukuoka Softbank Hawks","1979-11-21",189,108,"R","R",NULL,NULL,2016,NULL,NULL,"caniza001bar"
399,"Tomoaki Egawa",NULL,"Fukuoka Softbank Hawks","1986-10-31",177,78,"R","R",NULL,NULL,2016,NULL,NULL,"egawa-001tom"
400,"Shuhei Fukuda",NULL,"Fukuoka Softbank Hawks","1989-02-10",183,73,"R","L",NULL,NULL,2016,NULL,NULL,"fukuda001shu"
401,"Yuya Hasegawa",NULL,"Fukuoka Softbank Hawks","1984-12-22",180,81,"R","L",NULL,NULL,2016,NULL,NULL,"hasega001yuy"
402,"Nao Higashihama",NULL,"Fukuoka Softbank Hawks","1990-06-20",183,79,"R","R",NULL,NULL,2016,NULL,NULL,"higash001nao"
403,"Yuichi Honda",NULL,"Fukuoka Softbank Hawks","1984-11-19",174,69,"R","L",NULL,NULL,2016,NULL,NULL,"honda-001yui"
404,"Toru Hosokawa",NULL,"Fukuoka Softbank Hawks","1980-01-04",186,95,"R","R",NULL,NULL,2016,NULL,NULL,"hosoka001too"
405,"Ryota Igarashi",NULL,"Fukuoka Softbank Hawks","1979-05-28",183,90,"R","R",NULL,NULL,2016,NULL,NULL,"igaras001ryo"
406,"Yuya Iida",NULL,"Fukuoka Softbank Hawks","1990-11-27",183,87,"L","L",NULL,NULL,2016,NULL,NULL,"iida--001yuy"
407,"Kenta Imamiya",NULL,"Fukuoka Softbank Hawks","1991-07-15",168,67,"R","R",NULL,NULL,2016,NULL,NULL,"imamiy000ken"
408,"Kentaro Inomoto",NULL,"Fukuoka Softbank Hawks","1990-12-23",183,92,"R","R",NULL,NULL,2016,NULL,NULL,"inomot000ken"
409,"Sho Iwasaki",NULL,"Fukuoka Softbank Hawks","1989-10-21",186,73,"R","R",NULL,NULL,2016,NULL,NULL,"iwasak001sho"
410,"Takuya Kai",NULL,"Fukuoka Softbank Hawks","1992-11-05",168,68,"R","R",NULL,NULL,2016,NULL,NULL,"kai---000tak"
411,"Ren Kajiya",NULL,"Fukuoka Softbank Hawks","1991-11-25",180,80,"R","R",NULL,NULL,2016,NULL,NULL,"kajiya000ren"
412,"Go Kamamoto",NULL,"Fukuoka Softbank Hawks","1993-09-03",180,75,"R","L",NULL,NULL,2016,NULL,NULL,"kamamo000go-"
413,"Keisuke Kaneko",NULL,"Fukuoka Softbank Hawks","1985-07-23",183,71,"R","S",NULL,NULL,2016,NULL,NULL,"kaneko001kei"
414,"Keizo Kawashima",NULL,"Fukuoka Softbank Hawks","1983-10-05",174,69,"R","R",NULL,NULL,2016,NULL,NULL,"kawash001kei"
415,"Shinya Kayama",NULL,"Fukuoka Softbank Hawks","1989-11-23",171,64,"L","L",NULL,NULL,2016,NULL,NULL,"kayama000shi"
416,"Ryuma Kidokoro",NULL,"Fukuoka Softbank Hawks","1985-09-24",180,73,"R","L",NULL,NULL,2016,NULL,NULL,"kidoko001ryu"
417,"Taisei Makihara",NULL,"Fukuoka Softbank Hawks","1992-10-15",174,68,"R","L",NULL,NULL,2016,NULL,NULL,"makiha000tai"
418,"Nobuhiro Matsuda",NULL,"Fukuoka Softbank Hawks","1983-05-17",180,84,"R","R",NULL,NULL,2016,NULL,NULL,"matsud001nob"
419,"Yuki Matsumoto",NULL,"Fukuoka Softbank Hawks","1996-04-14",180,87,"R","L",NULL,NULL,2016,NULL,NULL,"matsum003yuk"
420,"Daisuke Matsuzaka",NULL,"Fukuoka Softbank Hawks","1980-09-13",180,92,"R","R",NULL,NULL,2016,NULL,NULL,"matsuz001dai"
421,"Yuito Mori",NULL,"Fukuoka Softbank Hawks","1992-01-08",174,76,"R","R",NULL,NULL,2016,NULL,NULL,"mori--000yui"
422,"Masahiko Morifuku",NULL,"Fukuoka Softbank Hawks","1986-07-29",171,64,"L","L",NULL,NULL,2016,NULL,NULL,"morifu001mas"
423,"Akira Nakamura",NULL,"Fukuoka Softbank Hawks","1989-11-05",174,81,"L","L",NULL,NULL,2016,NULL,NULL,"nakamu000aki"
424,"Kenichi Nakata",NULL,"Fukuoka Softbank Hawks","1982-11-05",177,79,"R","R",NULL,NULL,2016,NULL,NULL,"nakata001ken"
425,"Ken Okamoto",NULL,"Fukuoka Softbank Hawks","1992-10-29",177,83,"R","R",NULL,NULL,2016,NULL,NULL,"okamot002ken"
426,"Kenji Otonari",NULL,"Fukuoka Softbank Hawks","1984-11-19",177,84,"L","L",NULL,NULL,2016,NULL,NULL,"ohtona001ken"
427,"Dennis Sarfate",NULL,"Fukuoka Softbank Hawks","1981-04-09",192,101,"R","R",NULL,NULL,2016,NULL,NULL,"sarfat001den"
428,"Kodai Senga",NULL,"Fukuoka Softbank Hawks","1993-01-30",180,80,"R","L",NULL,NULL,2016,NULL,NULL,"senga-000kod"
429,"Tadashi Settsu",NULL,"Fukuoka Softbank Hawks","1982-06-01",183,89,"R","R",NULL,NULL,2016,NULL,NULL,"settu-001tad"
430,"Robert Suarez",NULL,"Fukuoka Softbank Hawks","1991-03-01",186,95,"R","R",NULL,NULL,2016,NULL,NULL,"suarez002rob"
431,"Tomoki Takata",NULL,"Fukuoka Softbank Hawks","1990-05-06",174,71,"R","L",NULL,NULL,2016,NULL,NULL,"takata000tom"
432,"Hiroaki Takaya",NULL,"Fukuoka Softbank Hawks","1981-11-13",180,83,"R","L",NULL,NULL,2016,NULL,NULL,"takaya001hir"
433,"Shota Takeda",NULL,"Fukuoka Softbank Hawks","1993-04-03",183,83,"R","R",NULL,NULL,2016,NULL,NULL,"takeda000sho"
434,"Hayato Terahara",NULL,"Fukuoka Softbank Hawks","1983-10-09",183,86,"R","R",NULL,NULL,2016,NULL,NULL,"teraha001hay"
435,"Masayoshi Tsukada",NULL,"Fukuoka Softbank Hawks","1989-07-23",177,75,"R","R",NULL,NULL,2016,NULL,NULL,"tsukad000mas"
436,"Shinya Tsuruoka",NULL,"Fukuoka Softbank Hawks","1981-04-11",177,77,"R","R",NULL,NULL,2016,NULL,NULL,"tsuruo001shi"
437,"Seiichi Uchikawa",NULL,"Fukuoka Softbank Hawks","1982-08-04",180,81,"R","R",NULL,NULL,2016,NULL,NULL,"uchika001sei"
438,"Seiji Uebayashi",NULL,"Fukuoka Softbank Hawks","1995-08-01",180,79,"R","L",NULL,NULL,2016,NULL,NULL,"uebaya000sei"
439,"Rick van den Hurk",NULL,"Fukuoka Softbank Hawks","1985-05-22",195,97,"R","R",NULL,NULL,2016,NULL,NULL,"vanden001hen"
440,"Tsuyoshi Wada",NULL,"Fukuoka Softbank Hawks","1981-02-21",183,81,"L","L",NULL,NULL,2016,NULL,NULL,"wada--001tsu"
441,"Hiroki Yamada",NULL,"Fukuoka Softbank Hawks","1988-07-30",186,91,"L","L",NULL,NULL,2016,NULL,NULL,"yamada002hir"
442,"Ayatsugu Yamashita",NULL,"Fukuoka Softbank Hawks","1992-11-16",183,77,"R","L",NULL,NULL,2016,NULL,NULL,"yamash000aya"
443,"Yuki Yanagita",NULL,"Fukuoka Softbank Hawks","1988-10-09",183,88,"R","L",NULL,NULL,2016,NULL,NULL,"yanagi000yuk"
444,"Akihiro Yanase",NULL,"Fukuoka Softbank Hawks","1983-07-08",180,77,"R","R",NULL,NULL,2016,NULL,NULL,"yanase001aki"
445,"Yuki Yoshimura",NULL,"Fukuoka Softbank Hawks","1984-06-14",180,93,"R","R",NULL,NULL,2016,NULL,NULL,"yoshim001yuk"
446,"Kazunari Abe",NULL,"Chiba Lotte 3ines","1989-05-19",180,70,"R","R",NULL,NULL,2016,NULL,NULL,"abe---000kaz"
447,"Kuan-Yu Chen",NULL,"Chiba Lotte 3ines","1990-10-29",180,74,"L","L",NULL,NULL,2016,NULL,NULL,"chen--000kua"
448,"Alfredo Despaigne",NULL,"Chiba Lotte 3ines","1986-06-17",171,94,"R","R",NULL,NULL,2016,NULL,NULL,"despai000alf"
449,"Naoya Emura",NULL,"Chiba Lotte 3ines","1992-05-06",177,82,"R","R",NULL,NULL,2016,NULL,NULL,"emura-000nao"
450,"Takahiro Fujioka",NULL,"Chiba Lotte 3ines","1989-07-17",180,84,"L","L",NULL,NULL,2016,NULL,NULL,"fujiok000tak"
451,"Kazuya Fukuura",NULL,"Chiba Lotte 3ines","1975-12-14",183,81,"L","L",NULL,NULL,2016,NULL,NULL,"fukuur001kaz"
452,"Takuya Furuya",NULL,"Chiba Lotte 3ines","1981-07-14",183,73,"L","L",NULL,NULL,2016,NULL,NULL,"furuya001tak"
453,"Kota Futaki",NULL,"Chiba Lotte 3ines","1995-08-01",183,74,"R","R",NULL,NULL,2016,NULL,NULL,"futaki000kot"
454,"Ryuzo Hijii",NULL,"Chiba Lotte 3ines","1995-11-13",183,87,"R","L",NULL,NULL,2016,NULL,NULL,"hijii-000ryu"
455,"Taiga Hirasawa",NULL,"Chiba Lotte 3ines","1997-12-24",177,75,"R","L",NULL,NULL,2016,NULL,NULL,"hirasa000tai"
456,"Kei Hosoya",NULL,"Chiba Lotte 3ines","1988-01-17",180,83,"R","R",NULL,NULL,2016,NULL,NULL,"hosoya001kei"
457,"Tadahito Iguchi",NULL,"Chiba Lotte 3ines","1974-12-04",180,83,"R","R",NULL,NULL,2016,NULL,NULL,"iguchi001tad"
458,"Seiya Inoue",NULL,"Chiba Lotte 3ines","1989-07-03",180,113,"R","R",NULL,NULL,2016,NULL,NULL,"inoue-000sei"
459,"Ayumu Ishikawa",NULL,"Chiba Lotte 3ines","1988-04-11",183,79,"R","R",NULL,NULL,2016,NULL,NULL,"ishika000ayu"
460,"Shota Ishimine",NULL,"Chiba Lotte 3ines","1988-05-12",183,77,"R","R",NULL,NULL,2016,NULL,NULL,"ishimi000sho"
461,"Katsuya Kakunaka",NULL,"Chiba Lotte 3ines","1987-05-25",183,79,"R","L",NULL,NULL,2016,NULL,NULL,"kakuna001kat"
462,"Takayuki Kanamori",NULL,"Chiba Lotte 3ines","1985-07-24",180,84,"R","R",NULL,NULL,2016,NULL,NULL,"kanamo001tak"
463,"Takeshi Kanazawa",NULL,"Chiba Lotte 3ines","1984-05-05",183,81,"R","L",NULL,NULL,2016,NULL,NULL,"kanaza002tak"
464,"Yuki Karakawa",NULL,"Chiba Lotte 3ines","1989-07-05",183,76,"R","R",NULL,NULL,2016,NULL,NULL,"karaka001yuk"
465,"Shohei Kato",NULL,"Chiba Lotte 3ines","1991-03-28",180,83,"R","S",NULL,NULL,2016,NULL,NULL,"kato--001sho"
466,"Kazuya Katsuki",NULL,"Chiba Lotte 3ines","1996-04-16",177,82,"R","L",NULL,NULL,2016,NULL,NULL,"katsuk000kaz"
467,"Ryoji Katsuki",NULL,"Chiba Lotte 3ines","1984-01-22",183,78,"R","R",NULL,NULL,2016,NULL,NULL,"katsuk002ryo"
468,"Yuta Kimura",NULL,"Chiba Lotte 3ines","1985-05-21",186,84,"L","L",NULL,NULL,2016,NULL,NULL,"kimura000yut"
469,"Ikuhiro Kiyota",NULL,"Chiba Lotte 3ines","1986-02-11",183,84,"R","R",NULL,NULL,2016,NULL,NULL,"kiyota001iku"
470,"Shota Kurosawa",NULL,"Chiba Lotte 3ines","1988-08-05",183,83,"R","R",NULL,NULL,2016,NULL,NULL,"kurosa000sho"
471,"Naoya Masuda",NULL,"Chiba Lotte 3ines","1989-10-25",177,79,"R","R",NULL,NULL,2016,NULL,NULL,"masuda000nao"
472,"Takahiro Matsunaga",NULL,"Chiba Lotte 3ines","1988-04-16",174,81,"L","L",NULL,NULL,2016,NULL,NULL,"matsun000tak"
473,"Ryo Miki",NULL,"Chiba Lotte 3ines","1991-10-25",174,77,"R","R",NULL,NULL,2016,NULL,NULL,"miki--000ryo"
474,"Masaki Minami",NULL,"Chiba Lotte 3ines","1989-01-18",183,87,"R","R",NULL,NULL,2016,NULL,NULL,"minami000mas"
475,"Atsushi Miyazaki",NULL,"Chiba Lotte 3ines","1992-12-08",171,71,"L","L",NULL,NULL,2016,NULL,NULL,"miyaza000ats"
476,"Shogo Nakamura",NULL,"Chiba Lotte 3ines","1992-05-28",183,78,"R","R",NULL,NULL,2016,NULL,NULL,"nakamu000sho"
477,"Yamaico Navarro",NULL,"Chiba Lotte 3ines","1987-10-31",183,97,"R","R",NULL,NULL,2016,NULL,NULL,"navarr001yam"
478,"Shunichi Nemoto",NULL,"Chiba Lotte 3ines","1983-07-08",180,74,"R","L",NULL,NULL,2016,NULL,NULL,"nemoto001shu"
479,"Yuji Nishino",NULL,"Chiba Lotte 3ines","1991-03-06",183,81,"R","R",NULL,NULL,2016,NULL,NULL,"nishin000yuj"
480,"Takashi Ogino",NULL,"Chiba Lotte 3ines","1985-10-21",174,72,"R","R",NULL,NULL,2016,NULL,NULL,"ogino-001tak"
481,"Yoshifumi Okada",NULL,"Chiba Lotte 3ines","1984-07-06",180,69,"L","L",NULL,NULL,2016,NULL,NULL,"okada-001yos"
482,"Shota Omine",NULL,"Chiba Lotte 3ines","1991-09-17",180,81,"R","R",NULL,NULL,2016,NULL,NULL,"omine-000sho"
483,"Yuta Omine",NULL,"Chiba Lotte 3ines","1988-06-16",180,79,"R","L",NULL,NULL,2016,NULL,NULL,"ohmine001yut"
484,"Saburo Omura",NULL,"Chiba Lotte 3ines","1976-06-01",183,84,"R","R",NULL,NULL,2016,NULL,NULL,"ohmura001sab"
485,"Tomohisa Otani",NULL,"Chiba Lotte 3ines","1985-02-14",177,81,"R","R",NULL,NULL,2016,NULL,NULL,"otani-001tom"
486,"Dae-Eun Rhee",NULL,"Chiba Lotte 3ines","1989-03-23",186,86,"R","L",NULL,NULL,2016,NULL,NULL,"rhee--001dae"
487,"Ryota Sekiya",NULL,"Chiba Lotte 3ines","1991-05-10",183,83,"R","R",NULL,NULL,2016,NULL,NULL,"sekiya000ryo"
488,"Jason Standridge",NULL,"Chiba Lotte 3ines","1978-11-09",189,108,"R","R",NULL,NULL,2016,NULL,NULL,"standr001jas"
489,"Daichi Suzuki",NULL,"Chiba Lotte 3ines","1989-08-18",174,78,"R","L",NULL,NULL,2016,NULL,NULL,"suzuki001dai"
490,"Takuya Takahama",NULL,"Chiba Lotte 3ines","1989-07-06",180,83,"R","L",NULL,NULL,2016,NULL,NULL,"takaha000tak"
491,"Keisuke Takano",NULL,"Chiba Lotte 3ines","1991-12-28",180,75,"R","R",NULL,NULL,2016,NULL,NULL,"takano000kei"
492,"Tatsuhiro Tamura",NULL,"Chiba Lotte 3ines","1994-05-13",174,76,"R","R",NULL,NULL,2016,NULL,NULL,"tamura000tat"
493,"Yasuhiro Tanaka",NULL,"Chiba Lotte 3ines","1987-06-21",180,88,"R","R",NULL,NULL,2016,NULL,NULL,"tanaka001yas"
494,"Taiki Tojo",NULL,"Chiba Lotte 3ines","1991-08-15",180,80,"R","R",NULL,NULL,2016,NULL,NULL,"tojo--000tai"
495,"Tatsuya Uchi",NULL,"Chiba Lotte 3ines","1985-07-13",180,74,"R","R",NULL,NULL,2016,NULL,NULL,"uchi--001tat"
496,"Hideaki Wakui",NULL,"Chiba Lotte 3ines","1986-06-21",183,84,"R","R",NULL,NULL,2016,NULL,NULL,"wakui-001hid"
497,"Yuta Yoshida",NULL,"Chiba Lotte 3ines","1991-07-21",180,93,"R","R",NULL,NULL,2016,NULL,NULL,"yoshid000yut"
498,"Makoto Aiuchi",NULL,"Saitama Seibu Lions","1994-07-23",183,68,"R","R",NULL,NULL,2016,NULL,NULL,"aiuchi000mak"
499,"Shogo Akiyama",NULL,"Saitama Seibu Lions","1988-04-16",150,82,"R","L",NULL,NULL,2016,NULL,NULL,"akiyam000sho"
500,"Hideto Asamura",NULL,"Saitama Seibu Lions","1990-11-12",183,77,"R","R",NULL,NULL,2016,NULL,NULL,"asamur001hid"
501,"Ryohei Fujiwara",NULL,"Saitama Seibu Lions","1986-02-15",180,77,"R","R",NULL,NULL,2016,NULL,NULL,"fujiwa000ryo"
502,"Keisuke Honda",NULL,"Saitama Seibu Lions","1993-04-24",180,79,"R","R",NULL,NULL,2016,NULL,NULL,"honda-000kei"
503,"Toshihiro Iwao",NULL,"Saitama Seibu Lions","1987-07-20",180,68,"R","L",NULL,NULL,2016,NULL,NULL,"iwao--001tos"
504,"Yuji Kaneko",NULL,"Saitama Seibu Lions","1990-04-24",180,69,"R","S",NULL,NULL,2016,NULL,NULL,"kaneko001yuj"
505,"Yusei Kikuchi",NULL,"Saitama Seibu Lions","1991-06-17",180,87,"L","L",NULL,NULL,2016,NULL,NULL,"kikuch000yus"
506,"Fumikazu Kimura",NULL,"Saitama Seibu Lions","1988-09-13",183,81,"R","R",NULL,NULL,2016,NULL,NULL,"kimura001fum"
507,"Shogo Kimura",NULL,"Saitama Seibu Lions","1980-04-16",180,74,"R","L",NULL,NULL,2016,NULL,NULL,"kimura001sho"
508,"Takayuki Kishi",NULL,"Saitama Seibu Lions","1984-12-04",183,68,"R","R",NULL,NULL,2016,NULL,NULL,"kishi-001tak"
509,"Hirotaka Koishi",NULL,"Saitama Seibu Lions","1987-04-13",180,84,"L","L",NULL,NULL,2016,NULL,NULL,"koishi000hir"
510,"Tsubasa Kokuba",NULL,"Saitama Seibu Lions","1993-12-05",183,80,"R","L",NULL,NULL,2016,NULL,NULL,"kokuba000tsu"
511,"Masato Kumashiro",NULL,"Saitama Seibu Lions","1989-04-18",174,71,"R","R",NULL,NULL,2016,NULL,NULL,"kumash000mas"
512,"Chun-Lin Kuo",NULL,"Saitama Seibu Lions","1992-02-02",177,69,"R","R",NULL,NULL,2016,NULL,NULL,"kuo---000chu"
513,"Takumi Kuriyama",NULL,"Saitama Seibu Lions","1983-09-03",180,84,"R","L",NULL,NULL,2016,NULL,NULL,"kuriya001tak"
514,"C.C. Lee",NULL,"Saitama Seibu Lions","1986-10-21",183,86,"R","R",NULL,NULL,2016,NULL,NULL,"lee---001che"
515,"Kazuhisa Makita",NULL,"Saitama Seibu Lions","1984-11-10",180,81,"R","R",NULL,NULL,2016,NULL,NULL,"makita000kaz"
516,"Tatsushi Masuda",NULL,"Saitama Seibu Lions","1988-04-23",180,79,"R","R",NULL,NULL,2016,NULL,NULL,"masuda000tat"
517,"Naoaki Matsumoto",NULL,"Saitama Seibu Lions","1990-11-14",180,77,"R","R",NULL,NULL,2016,NULL,NULL,"matsum002nao"
518,"Ernesto Mejia",NULL,"Saitama Seibu Lions","1985-12-02",195,117,"R","R",NULL,NULL,2016,NULL,NULL,"mejia-001ern"
519,"Tadasuke Minamikawa",NULL,"Saitama Seibu Lions","1992-01-13",183,83,"R","R",NULL,NULL,2016,NULL,NULL,"minami000tad"
520,"Daichi Mizuguchi",NULL,"Saitama Seibu Lions","1989-06-28",162,59,"R","L",NULL,NULL,2016,NULL,NULL,"mizugu000dai"
521,"Tomoya Mori",NULL,"Saitama Seibu Lions","1995-08-08",168,79,"R","L",NULL,NULL,2016,NULL,NULL,"mori--000tom"
522,"Kyohei Nagae",NULL,"Saitama Seibu Lions","1993-05-07",174,76,"R","L",NULL,NULL,2016,NULL,NULL,"nagae-000kyo"
523,"Takeya Nakamura",NULL,"Saitama Seibu Lions","1983-08-15",177,101,"R","R",NULL,NULL,2016,NULL,NULL,"nakamu001tak"
524,"Yuta Nakazaki",NULL,"Saitama Seibu Lions","1991-03-11",180,79,"L","L",NULL,NULL,2016,NULL,NULL,"nakaza000yut"
525,"Shogo Noda",NULL,"Saitama Seibu Lions","1993-06-27",168,71,"L","L",NULL,NULL,2016,NULL,NULL,"noda--000sho"
526,"Ryoma Nogami",NULL,"Saitama Seibu Lions","1987-06-15",180,68,"R","R",NULL,NULL,2016,NULL,NULL,"nogami001ryo"
527,"Tatsuya Oishi",NULL,"Saitama Seibu Lions","1988-10-10",180,91,"R","L",NULL,NULL,2016,NULL,NULL,"oishi-000tat"
528,"Masatoshi Okada",NULL,"Saitama Seibu Lions","1989-06-30",171,79,"R","R",NULL,NULL,2016,NULL,NULL,"okada-000mas"
529,"Atsushi Okamoto",NULL,"Saitama Seibu Lions","1981-05-20",180,76,"R","R",NULL,NULL,2016,NULL,NULL,"okamot001ats"
530,"Yosuke Okamoto",NULL,"Saitama Seibu Lions","1985-09-27",180,74,"R","R",NULL,NULL,2016,NULL,NULL,"okamot001yos"
531,"Yuji Onizaki",NULL,"Saitama Seibu Lions","1983-04-07",180,74,"R","L",NULL,NULL,2016,NULL,NULL,"onizak001yuj"
532,"Yutaro Osaki",NULL,"Saitama Seibu Lions","1984-10-18",171,76,"R","L",NULL,NULL,2016,NULL,NULL,"ohsaki001yut"
533,"Felipe Paulino",NULL,"Saitama Seibu Lions","1983-10-05",189,122,"R","R",NULL,NULL,2016,NULL,NULL,"paulin001fel"
534,"Shogo Saito",NULL,"Saitama Seibu Lions","1989-05-14",183,84,"L","L",NULL,NULL,2016,NULL,NULL,"saito-001sho"
535,"Ryo Sakata",NULL,"Saitama Seibu Lions","1986-10-02",180,86,"R","L",NULL,NULL,2016,NULL,NULL,"sakata001ryo"
536,"Yasuo Sano",NULL,"Saitama Seibu Lions","1993-01-18",180,80,"L","L",NULL,NULL,2016,NULL,NULL,"sano--000yas"
537,"Isamu Sato",NULL,"Saitama Seibu Lions","1994-09-18",183,81,"L","L",NULL,NULL,2016,NULL,NULL,"sato--000isa"
538,"Ginjiro Sumitani",NULL,"Saitama Seibu Lions","1987-07-19",183,92,"R","R",NULL,NULL,2016,NULL,NULL,"sumita001gin"
539,"Kona Takahashi",NULL,"Saitama Seibu Lions","1997-02-03",186,89,"R","R",NULL,NULL,2016,NULL,NULL,"takaha000kon"
540,"Tomomi Takahashi",NULL,"Saitama Seibu Lions","1988-11-16",174,81,"L","L",NULL,NULL,2016,NULL,NULL,"takaha000tom"
541,"Naotaka Takehara",NULL,"Saitama Seibu Lions","1980-04-21",180,87,"L","R",NULL,NULL,2016,NULL,NULL,"takeha001nao"
542,"Shota Takekuma",NULL,"Saitama Seibu Lions","1989-11-24",180,77,"L","L",NULL,NULL,2016,NULL,NULL,"takeku001sho"
543,"Shotaro Tashiro",NULL,"Saitama Seibu Lions","1989-12-13",180,74,"L","L",NULL,NULL,2016,NULL,NULL,"tashir000sho"
544,"Shinsaburo Tawata",NULL,"Saitama Seibu Lions","1993-04-13",180,81,"R","R",NULL,NULL,2016,NULL,NULL,"tawata000shi"
545,"Ken Togame",NULL,"Saitama Seibu Lions","1987-11-07",180,81,"R","R",NULL,NULL,2016,NULL,NULL,"togame000ken"
546,"Shuta Tonosaki",NULL,"Saitama Seibu Lions","1992-12-20",180,74,"R","R",NULL,NULL,2016,NULL,NULL,"tonosa000shu"
547,"Takuya Toyoda",NULL,"Saitama Seibu Lions","1987-03-28",177,84,"R","R",NULL,NULL,2016,NULL,NULL,"toyoda000tak"
548,"Tatsuyuki Uemoto",NULL,"Saitama Seibu Lions","1980-11-08",183,91,"R","L",NULL,NULL,2016,NULL,NULL,"uemoto001tat"
549,"Andy Van Hekken",NULL,"Saitama Seibu Lions","1979-07-31",189,83,"L","R",NULL,NULL,2016,NULL,NULL,"vanhek001and"
550,"Esmerling Vasquez",NULL,"Saitama Seibu Lions","1983-11-07",183,90,"R","R",NULL,NULL,2016,NULL,NULL,"vasque001esm"
551,"Naoto Watanabe",NULL,"Saitama Seibu Lions","1980-10-15",174,72,"R","R",NULL,NULL,2016,NULL,NULL,"watana001nao"
552,"Brian Wolfe",NULL,"Saitama Seibu Lions","1980-11-29",186,104,"R","R",NULL,NULL,2016,NULL,NULL,"wolfe-001bri"
553,"Nien Ting Wu",NULL,"Saitama Seibu Lions","1993-06-07",180,74,"R","L",NULL,NULL,2016,NULL,NULL,"wu----000nie"
554,"Hotaka Yamakawa",NULL,"Saitama Seibu Lions","1991-11-23",177,104,"R","R",NULL,NULL,2016,NULL,NULL,"yamaka000hot"
555,"Toshihito Abe",NULL,"Tohoku Rakuten Golden Eagles","1988-12-23",183,72,"R","L",NULL,NULL,2016,NULL,NULL,"abe---000tos"
556,"Yuichi Adachi",NULL,"Tohoku Rakuten Golden Eagles","1989-09-22",180,82,"R","R",NULL,NULL,2016,NULL,NULL,"adachi000yui"
557,"Kazutomo Aihara",NULL,"Tohoku Rakuten Golden Eagles","1989-10-27",183,72,"L","L",NULL,NULL,2016,NULL,NULL,"aihara000kaz"
558,"Ginji Akaminai",NULL,"Tohoku Rakuten Golden Eagles","1988-02-24",177,84,"R","L",NULL,NULL,2016,NULL,NULL,"akamin001gin"
559,"Japhet Amador",NULL,"Tohoku Rakuten Golden Eagles","1987-01-19",192,140,"R","R",NULL,NULL,2016,NULL,NULL,"amador001jap"
560,"Tomohiro Anraku",NULL,"Tohoku Rakuten Golden Eagles","1996-11-04",183,86,"R","L",NULL,NULL,2016,NULL,NULL,"anraku000tom"
561,"Koji Aoyama",NULL,"Tohoku Rakuten Golden Eagles","1983-08-12",183,79,"R","R",NULL,NULL,2016,NULL,NULL,"aoyama001koj"
562,"Jake Brigham",NULL,"Tohoku Rakuten Golden Eagles","1988-02-10",189,95,"R","R",NULL,NULL,2016,NULL,NULL,"brigha001jac"
563,"Luciano Fernando",NULL,"Tohoku Rakuten Golden Eagles","1992-04-13",174,78,"R","R",NULL,NULL,2016,NULL,NULL,"fernan000luc"
564,"Kazuya Fujita",NULL,"Tohoku Rakuten Golden Eagles","1982-07-03",177,74,"R","L",NULL,NULL,2016,NULL,NULL,"fujita001kaz"
565,"Masayoshi Fukuda",NULL,"Tohoku Rakuten Golden Eagles","1992-04-17",174,75,"R","R",NULL,NULL,2016,NULL,NULL,"fukuda001mas"
566,"Hiroyuki Fukuyama",NULL,"Tohoku Rakuten Golden Eagles","1989-03-27",174,69,"R","R",NULL,NULL,2016,NULL,NULL,"fukuya000hir"
567,"Yuri Furukawa",NULL,"Tohoku Rakuten Golden Eagles","1995-09-08",180,79,"R","R",NULL,NULL,2016,NULL,NULL,"furuka000yur"
568,"Jonny Gomes",NULL,"Tohoku Rakuten Golden Eagles","1980-11-22",183,104,"R","R",NULL,NULL,2016,NULL,NULL,"gomes-001jon"
569,"Mitsutaka Goto",NULL,"Tohoku Rakuten Golden Eagles","1978-07-27",177,74,"R","L",NULL,NULL,2016,NULL,NULL,"gotoh-001mit"
570,"Kodai Ha5a",NULL,"Tohoku Rakuten Golden Eagles","1993-02-27",180,81,"L","L",NULL,NULL,2016,NULL,NULL,"ha5a000kod"
571,"Kohei Hasebe",NULL,"Tohoku Rakuten Golden Eagles","1985-05-21",174,69,"L","L",NULL,NULL,2016,NULL,NULL,"hasebe001koh"
572,"Ryo Hijirisawa",NULL,"Tohoku Rakuten Golden Eagles","1985-11-03",180,72,"R","L",NULL,NULL,2016,NULL,NULL,"hijiri001ryo"
573,"Toshiaki Imae",NULL,"Tohoku Rakuten Golden Eagles","1983-08-26",180,79,"R","R",NULL,NULL,2016,NULL,NULL,"imae--001tos"
574,"Takahiro Irino",NULL,"Tohoku Rakuten Golden Eagles","1988-11-26",180,77,"R","L",NULL,NULL,2016,NULL,NULL,"irino-000tak"
575,"Ryota Ishibashi",NULL,"Tohoku Rakuten Golden Eagles","1991-06-06",177,76,"R","L",NULL,NULL,2016,NULL,NULL,"ishiba000ryo"
576,"Tadashi Ishimine",NULL,"Tohoku Rakuten Golden Eagles","1985-06-22",180,77,"R","L",NULL,NULL,2016,NULL,NULL,"ishimi001tad"
577,"Yoshinao Kamata",NULL,"Tohoku Rakuten Golden Eagles","1993-10-26",177,77,"R","R",NULL,NULL,2016,NULL,NULL,"kamata000yos"
578,"Norihito Kaneto",NULL,"Tohoku Rakuten Golden Eagles","1984-04-10",177,79,"L","L",NULL,NULL,2016,NULL,NULL,"kaneto001nor"
579,"Wataru Karashima",NULL,"Tohoku Rakuten Golden Eagles","1990-10-18",174,72,"L","L",NULL,NULL,2016,NULL,NULL,"karash001wat"
580,"Masashi Kato",NULL,"Tohoku Rakuten Golden Eagles","1989-09-07",174,70,"R","R",NULL,NULL,2016,NULL,NULL,"kato--006mas"
581,"Takashi Kawai",NULL,"Tohoku Rakuten Golden Eagles","1976-09-16",183,82,"L","L",NULL,NULL,2016,NULL,NULL,"kawai-001tak"
582,"Ryohei Kawamoto",NULL,"Tohoku Rakuten Golden Eagles","1982-04-28",180,84,"R","R",NULL,NULL,2016,NULL,NULL,"kawamo001ryo"
583,"Yasunori Kikuchi",NULL,"Tohoku Rakuten Golden Eagles","1989-09-18",183,79,"R","L",NULL,NULL,2016,NULL,NULL,"kikuch001yas"
584,"Mu-Young Kim",NULL,"Tohoku Rakuten Golden Eagles","1985-11-22",183,79,"R","R",NULL,NULL,2016,NULL,NULL,"kim---001mu-"
585,"Shota Koseki",NULL,"Tohoku Rakuten Golden Eagles","1991-09-06",183,80,"R","R",NULL,NULL,2016,NULL,NULL,"koseki000sho"
586,"Radhames Liz",NULL,"Tohoku Rakuten Golden Eagles","1983-10-06",186,90,"R","R",NULL,NULL,2016,NULL,NULL,"liz---001rad"
587,"Akihisa Makida",NULL,"Tohoku Rakuten Golden Eagles","1982-06-03",180,77,"R","R",NULL,NULL,2016,NULL,NULL,"makida001aki"
588,"Shintaro Masuda",NULL,"Tohoku Rakuten Golden Eagles","1987-07-08",180,81,"R","L",NULL,NULL,2016,NULL,NULL,"masuda001shi"
589,"Kazuo Matsui",NULL,"Tohoku Rakuten Golden Eagles","1975-10-23",180,84,"R","S",NULL,NULL,2016,NULL,NULL,"matsui001kaz"
590,"Yuki Matsui",NULL,"Tohoku Rakuten Golden Eagles","1995-10-30",174,75,"L","L",NULL,NULL,2016,NULL,NULL,"matsui000yuk"
591,"Kam Mickolio",NULL,"Tohoku Rakuten Golden Eagles","1984-05-10",207,115,"R","R",NULL,NULL,2016,NULL,NULL,"mickol001kam"
592,"Manabu Mima",NULL,"Tohoku Rakuten Golden Eagles","1986-09-19",168,74,"R","L",NULL,NULL,2016,NULL,NULL,"mima--000man"
593,"Sho Miyagawa",NULL,"Tohoku Rakuten Golden Eagles","1990-10-19",180,86,"R","R",NULL,NULL,2016,NULL,NULL,"miyaga000sho"
594,"Takumi Miyoshi",NULL,"Tohoku Rakuten Golden Eagles","1993-06-07",174,74,"R","R",NULL,NULL,2016,NULL,NULL,"miyosh002tak"
595,"Eigoro Mogi",NULL,"Tohoku Rakuten Golden Eagles","1994-02-14",171,74,"R","L",NULL,NULL,2016,NULL,NULL,"mogi--000eig"
596,"Yoshitaka Muto",NULL,"Tohoku Rakuten Golden Eagles","1987-07-22",180,73,"R","R",NULL,NULL,2016,NULL,NULL,"muto--000yos"
597,"Taishi Nakagawa",NULL,"Tohoku Rakuten Golden Eagles","1990-06-08",183,91,"R","R",NULL,NULL,2016,NULL,NULL,"nakaga001tai"
598,"Tetsuro Nishida",NULL,"Tohoku Rakuten Golden Eagles","1991-09-04",180,77,"R","R",NULL,NULL,2016,NULL,NULL,"nishid000tet"
599,"Yusuke Nishimiya",NULL,"Tohoku Rakuten Golden Eagles","1991-05-01",180,84,"L","L",NULL,NULL,2016,NULL,NULL,"nishim000yus"
600,"Takahiro Norimoto",NULL,"Tohoku Rakuten Golden Eagles","1990-12-17",180,80,"R","L",NULL,NULL,2016,NULL,NULL,"norimo000tak"
601,"Takero Okajima",NULL,"Tohoku Rakuten Golden Eagles","1989-09-07",177,81,"R","L",NULL,NULL,2016,NULL,NULL,"okajim000tak"
602,"Louis Okoye",NULL,"Tohoku Rakuten Golden Eagles","1997-07-21",183,89,"R","R",NULL,NULL,2016,NULL,NULL,"okoye-000lou"
603,"Fumiya Ono",NULL,"Tohoku Rakuten Golden Eagles","1996-10-23",177,66,"R","R",NULL,NULL,2016,NULL,NULL,"ono---001fum"
604,"Takahito Otsuka",NULL,"Tohoku Rakuten Golden Eagles","1994-10-13",174,71,"L","L",NULL,NULL,2016,NULL,NULL,"otuka-000tak"
605,"Carlos Peguero",NULL,"Tohoku Rakuten Golden Eagles","1987-02-22",195,117,"L","L",NULL,NULL,2016,NULL,NULL,"peguer001car"
606,"Felix Perez",NULL,"Tohoku Rakuten Golden Eagles","1984-11-14",186,86,"L","L",NULL,NULL,2016,NULL,NULL,"perez-002fel"
607,"Ken Ray",NULL,"Tohoku Rakuten Golden Eagles","1974-11-27",186,90,"R","R",NULL,NULL,2016,NULL,NULL,"ray---001ken"
608,"Motohiro Shima",NULL,"Tohoku Rakuten Golden Eagles","1984-12-13",180,81,"R","R",NULL,NULL,2016,NULL,NULL,"shima-001mot"
609,"Hiroaki Shimauchi",NULL,"Tohoku Rakuten Golden Eagles","1990-02-02",180,75,"L","L",NULL,NULL,2016,NULL,NULL,"shimau002hir"
610,"Takahiro Shiomi",NULL,"Tohoku Rakuten Golden Eagles","1988-09-06",180,77,"L","L",NULL,NULL,2016,NULL,NULL,"shiomi000tak"
611,"Kenji Tomura",NULL,"Tohoku Rakuten Golden Eagles","1987-10-20",183,76,"R","R",NULL,NULL,2016,NULL,NULL,"tomura001ken"
612,"Yasuhito Uchida",NULL,"Tohoku Rakuten Golden Eagles","1995-05-30",180,93,"R","R",NULL,NULL,2016,NULL,NULL,"uchida000yas"
613,"Zelous Wheeler",NULL,"Tohoku Rakuten Golden Eagles","1987-01-16",180,99,"R","R",NULL,NULL,2016,NULL,NULL,"wheele001zel"
614,"Soma Yamauchi",NULL,"Tohoku Rakuten Golden Eagles","1985-07-01",183,77,"R","R",NULL,NULL,2016,NULL,NULL,"yamauc001som"
615,"Takaaki Yokoyama",NULL,"Tohoku Rakuten Golden Eagles","1991-04-10",180,84,"R","R",NULL,NULL,2016,NULL,NULL,"yokoya000tak"
616,"Ryota Yoshimochi",NULL,"Tohoku Rakuten Golden Eagles","1993-11-04",177,68,"R","R",NULL,NULL,2016,NULL,NULL,"yoshim003ryo"
617,"Ryoichi Adachi",NULL,"Orix Buffaloes","1988-01-07",180,74,"R","R",NULL,NULL,2016,NULL,NULL,"adachi000ryo"
618,"Ken Akama",NULL,"Orix Buffaloes","1990-11-14",183,79,"R","R",NULL,NULL,2016,NULL,NULL,"akama-000ken"
619,"Daiki Aoyama",NULL,"Orix Buffaloes","1994-11-28",180,82,"R","L",NULL,NULL,2016,NULL,NULL,"aoyama000dai"
620,"Tony Blanco",NULL,"Orix Buffaloes","1981-11-10",186,90,"R","R",NULL,NULL,2016,NULL,NULL,"blanco001ton"
621,"Brian Bogusevic",NULL,"Orix Buffaloes","1984-02-18",189,97,"L","L",NULL,NULL,2016,NULL,NULL,"boguse001bri"
622,"Matt Clark",NULL,"Orix Buffaloes","1986-12-10",195,104,"R","L",NULL,NULL,2016,NULL,NULL,"clark-002mat"
623,"Erik Cordier",NULL,"Orix Buffaloes","1986-02-25",192,97,"R","R",NULL,NULL,2016,NULL,NULL,"cordie001eri"
624,"Brandon Dickson",NULL,"Orix Buffaloes","1984-11-03",195,86,"R","R",NULL,NULL,2016,NULL,NULL,"dickso001bra"
625,"Torai Fusimi",NULL,"Orix Buffaloes","1990-05-12",183,84,"R","R",NULL,NULL,2016,NULL,NULL,"fusimi000tor"
626,"Shunta Goto",NULL,"Orix Buffaloes","1993-03-05",183,74,"R","L",NULL,NULL,2016,NULL,NULL,"goto--000shu"
627,"Takuya Hara",NULL,"Orix Buffaloes","1984-05-18",177,74,"R","L",NULL,NULL,2016,NULL,NULL,"hara--001tak"
628,"Motoki Higa",NULL,"Orix Buffaloes","1982-12-07",180,77,"R","R",NULL,NULL,2016,NULL,NULL,"higa--001mot"
629,"Yoshihisa Hirano",NULL,"Orix Buffaloes","1984-03-08",183,83,"R","R",NULL,NULL,2016,NULL,NULL,"hirano001yos"
630,"Hikaru Ito",NULL,"Orix Buffaloes","1989-04-23",183,76,"R","R",NULL,NULL,2016,NULL,NULL,"ito---001hik"
631,"Yoshio Itoi",NULL,"Orix Buffaloes","1981-07-31",186,87,"R","L",NULL,NULL,2016,NULL,NULL,"itoi--001yos"
632,"Kyohei Iwasaki",NULL,"Orix Buffaloes","1986-04-04",180,72,"R","L",NULL,NULL,2016,NULL,NULL,"iwasak001kyo"
633,"Ryuta Kadoya",NULL,"Orix Buffaloes","1990-10-18",177,72,"R","R",NULL,NULL,2016,NULL,NULL,"kadoya000ryu"
634,"Tomoyuki Kaida",NULL,"Orix Buffaloes","1987-09-02",180,79,"L","L",NULL,NULL,2016,NULL,NULL,"kaida-000tom"
635,"Chihiro Kaneko",NULL,"Orix Buffaloes","1983-11-08",183,77,"R","L",NULL,NULL,2016,NULL,NULL,"kaneko001chi"
636,"Takayoshi Kawabata",NULL,"Orix Buffaloes","1985-02-04",177,79,"R","R",NULL,NULL,2016,NULL,NULL,"kawaba000tak"
637,"Mamoru Kishida",NULL,"Orix Buffaloes","1981-05-10",183,74,"R","R",NULL,NULL,2016,NULL,NULL,"kishid001mam"
638,"Shuhei Kojima",NULL,"Orix Buffaloes","1987-06-05",177,74,"R","L",NULL,NULL,2016,NULL,NULL,"kojima000shu"
639,"Satoshi Komatsu",NULL,"Orix Buffaloes","1981-10-29",183,79,"R","R",NULL,NULL,2016,NULL,NULL,"komats001sat"
640,"Kazuki Kondo",NULL,"Orix Buffaloes","1983-07-08",180,79,"R","R",NULL,NULL,2016,NULL,NULL,"kondoh001kaz"
641,"Taisuke Kondo",NULL,"Orix Buffaloes","1991-05-29",180,74,"R","R",NULL,NULL,2016,NULL,NULL,"kondo-000tai"
642,"Eiichi Koyano",NULL,"Orix Buffaloes","1980-10-10",180,82,"R","R",NULL,NULL,2016,NULL,NULL,"koyano001eii"
643,"Takahiro Matsuba",NULL,"Orix Buffaloes","1990-08-14",180,76,"L","L",NULL,NULL,2016,NULL,NULL,"matsub000tak"
644,"Pat Misch",NULL,"Orix Buffaloes","1981-08-18",186,88,"L","R",NULL,NULL,2016,NULL,NULL,"misch-001pat"
645,"Yuki Miyazaki",NULL,"Orix Buffaloes","1986-11-29",177,82,"R","R",NULL,NULL,2016,NULL,NULL,"miyaza000yuk"
646,"Brent Morel",NULL,"Orix Buffaloes","1987-04-21",186,104,"R","R",NULL,NULL,2016,NULL,NULL,"morel-001bre"
647,"Yuma Mune",NULL,"Orix Buffaloes","1996-06-07",183,77,"R","L",NULL,NULL,2016,NULL,NULL,"mune--000yum"
648,"Hiroyuki Nakajima",NULL,"Orix Buffaloes","1982-07-31",183,90,"R","R",NULL,NULL,2016,NULL,NULL,"nakaji001hir"
649,"Issei Nakamura",NULL,"Orix Buffaloes","1982-04-02",183,84,"R","R",NULL,NULL,2016,NULL,NULL,"nakamu001iss"
650,"Yuki Nishi",NULL,"Orix Buffaloes","1990-10-10",183,79,"R","R",NULL,NULL,2016,NULL,NULL,"nishi-001yuk"
651,"Masahiro Nishino",NULL,"Orix Buffaloes","1990-08-02",168,68,"R","L",NULL,NULL,2016,NULL,NULL,"nishin000mas"
652,"Yuya Oda",NULL,"Orix Buffaloes","1989-11-04",174,74,"R","L",NULL,NULL,2016,NULL,NULL,"oda---000yuy"
653,"Takahiro Okada",NULL,"Orix Buffaloes","1988-02-09",183,92,"L","L",NULL,NULL,2016,NULL,NULL,"okada-001tak"
654,"Kyo Okunami",NULL,"Orix Buffaloes","1995-08-29",177,94,"R","R",NULL,NULL,2016,NULL,NULL,"okunam000kyo"
655,"Koji Oshiro",NULL,"Orix Buffaloes","1993-06-14",177,71,"R","R",NULL,NULL,2016,NULL,NULL,"oshiro000koj"
656,"Atori Ota",NULL,"Orix Buffaloes","1989-08-12",189,94,"R","R",NULL,NULL,2016,NULL,NULL,"ota---001ato"
657,"Satoshi Oyama",NULL,"Orix Buffaloes","1988-10-06",168,68,"L","L",NULL,NULL,2016,NULL,NULL,"oyama-000sat"
658,"Koki Saito",NULL,"Orix Buffaloes","1996-12-18",183,82,"L","L",NULL,NULL,2016,NULL,NULL,"saito-000kok"
659,"Toshio Saito",NULL,"Orix Buffaloes","1983-12-23",183,84,"R","R",NULL,NULL,2016,NULL,NULL,"saito-001tos"
660,"Shunichi Sato",NULL,"Orix Buffaloes","1991-01-08",180,70,"R","R",NULL,NULL,2016,NULL,NULL,"sato--000shu"
661,"Tatsuya Sato",NULL,"Orix Buffaloes","1986-07-26",180,76,"R","R",NULL,NULL,2016,NULL,NULL,"sato--000tat"
662,"Takuya Shimada",NULL,"Orix Buffaloes","1987-01-22",180,75,"R","R",NULL,NULL,2016,NULL,NULL,"shimad000tak"
663,"Hirokazu Shiranita",NULL,"Orix Buffaloes","1985-10-02",186,82,"R","R",NULL,NULL,2016,NULL,NULL,"shiran000hir"
664,"Satoshi Sonobe",NULL,"Orix Buffaloes","1995-11-10",180,93,"R","R",NULL,NULL,2016,NULL,NULL,"sonobe000sat"
665,"Yutaro Sugimoto",NULL,"Orix Buffaloes","1991-04-05",189,91,"R","R",NULL,NULL,2016,NULL,NULL,"sugimo000yut"
666,"Kohei Suzuki",NULL,"Orix Buffaloes","1991-06-20",177,76,"R","R",NULL,NULL,2016,NULL,NULL,"suzuki000koh"
667,"Yu Suzuki",NULL,"Orix Buffaloes","1997-02-05",183,75,"R","R",NULL,NULL,2016,NULL,NULL,"suzuki000yu-"
668,"Ban Takagi",NULL,"Orix Buffaloes","1990-06-01",183,79,"R","R",NULL,NULL,2016,NULL,NULL,"takagi000ban"
669,"Kengo Takeda",NULL,"Orix Buffaloes","1994-04-18",180,77,"R","R",NULL,NULL,2016,NULL,NULL,"takeda000ken"
670,"Daisuke Tanaka",NULL,"Orix Buffaloes","1984-12-18",177,74,"R","R",NULL,NULL,2016,NULL,NULL,"tanaka001dai"
671,"Daiki Tomei",NULL,"Orix Buffaloes","1989-06-15",180,76,"R","R",NULL,NULL,2016,NULL,NULL,"tomei-000dai"
672,"Shohei Tsukahara",NULL,"Orix Buffaloes","1992-07-08",180,79,"R","L",NULL,NULL,2016,NULL,NULL,"tsukah000sho"
673,"Yuki Tsutsumi",NULL,"Orix Buffaloes","1993-09-21",174,73,"R","L",NULL,NULL,2016,NULL,NULL,"tsutsu000yuk"
674,"Kenya Wakatsuki",NULL,"Orix Buffaloes","1995-10-04",180,84,"R","R",NULL,NULL,2016,NULL,NULL,"wakats000ken"
675,"Ryosuke Yagi",NULL,"Orix Buffaloes","1990-09-29",180,72,"L","L",NULL,NULL,2016,NULL,NULL,"yagi--000ryo"
676,"Nobuyoshi Yamada",NULL,"Orix Buffaloes","1991-09-19",180,79,"L","L",NULL,NULL,2016,NULL,NULL,"yamada001nob"
677,"Sachiya Yamasaki",NULL,"Orix Buffaloes","1992-09-09",186,87,"L","L",NULL,NULL,2016,NULL,NULL,"yamasa000sac"
678,"Katsuki Yamazaki",NULL,"Orix Buffaloes","1982-08-16",183,88,"R","R",NULL,NULL,2016,NULL,NULL,"yamaza001kat"
679,"Kazumasa Yoshida",NULL,"Orix Buffaloes","1989-09-24",189,91,"R","L",NULL,NULL,2016,NULL,NULL,"yoshid001kaz"
680,"Masataka Yoshida",NULL,"Orix Buffaloes","1993-07-15",174,79,"R","L",NULL,NULL,2016,NULL,NULL,"yoshid002mas"
